file_name,file_code,parameter,orig_variable_code,variable_code,type_variable,classes,range,valid_values,missing_values,missing_pop,del,metadati_fattori,metadati_normalizzazione,Unità,Unnamed: 4
Key ADNI tables merged into one table,ADNIMERGE,ID,PTID,PTID,<class 'str'>,"011_S_0002, 011_S_0003, 022_S_0004, 011_S_0005, 100_S_0006",,11135.0,0.0,ADNI4,False,,,,
Key ADNI tables merged into one table,ADNIMERGE,ID,RID,RID,<class 'numpy.int64'>,,"7088.0, 2.0",11135.0,0.0,ADNI4,False,,,,
Key ADNI tables merged into one table,ADNIMERGE,Cohort,COLPROT,COHORT,<class 'str'>,"ADNI1, ADNIGO, ADNI2, ADNI3",,11135.0,0.0,ADNI4,False,,,,
Key ADNI tables merged into one table,ADNIMERGE,visit,EXAMDATE,EXAMDATE,<class 'str'>,"2005-09-08, 2006-03-06, 2008-08-27, 2010-09-22, 2011-09-19",,11135.0,0.0,ADNI4,False,,,,
Key ADNI tables merged into one table,ADNIMERGE,Age,AGE,AGE,<class 'numpy.float64'>,,"97.8, 55.0",11129.0,6.0,ADNI4,False,,,,
Key ADNI tables merged into one table,ADNIMERGE,Education,PTEDUCAT,EDUCAT,<class 'numpy.int64'>,,"20.0, 4.0",11135.0,0.0,ADNI4,False,cofattori,,,
Key ADNI tables merged into one table,ADNIMERGE,APOE,APOE4,APOE4,<class 'numpy.float64'>,"0.0, 1.0, 2.0, nan","2.0, 0.0",10990.0,145.0,ADNI4,False,cofattori,,,
Key ADNI tables merged into one table,ADNIMERGE,CDR,CDRSB,CDRSB,<class 'numpy.float64'>,,"18.0, 0.0",10986.0,149.0,ADNI4,False,predittori,norm_scala,,
Key ADNI tables merged into one table,ADNIMERGE,ADAS,ADAS11,ADAS11,<class 'numpy.float64'>,,"70.0, 0.0",11036.0,99.0,ADNI4,False,predittori,norm_scala,,
Key ADNI tables merged into one table,ADNIMERGE,ADAS,ADAS13,ADAS13,<class 'numpy.float64'>,,"85.0, 0.0",10937.0,198.0,ADNI4,False,predittori,norm_scala,,
Key ADNI tables merged into one table,ADNIMERGE,MMSE,MMSE,MMSE,<class 'numpy.float64'>,,"30.0, 0.0",11067.0,68.0,ADNI4,False,predittori,norm_scala,,
Key ADNI tables merged into one table,ADNIMERGE,RAVLT ,RAVLT_immediate,RAVLT_immediate,<class 'numpy.float64'>,,"75.0, 0.0",10951.0,184.0,ADNI4,False,predittori,norm_scala,,
Key ADNI tables merged into one table,ADNIMERGE,FAQ,FAQ,FAQ,<class 'numpy.float64'>,,"30.0, 0.0",10975.0,160.0,ADNI4,False,predittori,norm_scala,,
Key ADNI tables merged into one table,ADNIMERGE,Volume,Ventricles,Ventricles,<class 'numpy.float64'>,,"162729.0, 5650.0",8458.0,2677.0,ADNI4,False,predittori,norm_volume,,
Key ADNI tables merged into one table,ADNIMERGE,Volume,Hippocampus,Hippocampus,<class 'numpy.float64'>,,"11207.0, 2219.0",7874.0,3261.0,ADNI4,False,predittori,norm_volume,,
Key ADNI tables merged into one table,ADNIMERGE,Volume,Entorhinal,Entorhinal,<class 'numpy.float64'>,,"7062.0, 976.0",7488.0,3647.0,ADNI4,False,predittori,norm_volume,,
Key ADNI tables merged into one table,ADNIMERGE,Volume,Fusiform,Fusiform,<class 'numpy.float64'>,,"29950.0, 7739.0",7488.0,3647.0,ADNI4,False,predittori,norm_volume,,
Key ADNI tables merged into one table,ADNIMERGE,Volume,MidTemp,MidTemp,<class 'numpy.float64'>,,"32324.0, 8044.0",7488.0,3647.0,ADNI4,False,predittori,norm_volume,,
Key ADNI tables merged into one table,ADNIMERGE,Volume,ICV,ICV,<class 'numpy.float64'>,,"3500150.0, 716133.0",9023.0,2112.0,ADNI4,False,,norm_volume,,
Key ADNI tables merged into one table,ADNIMERGE,,,AGE_bl,<class 'numpy.float64'>,,"91.4, 55.0",11129.0,6.0,ADNI4,False,,,,
Key ADNI tables merged into one table,ADNIMERGE,,,GENDER/female,<class 'numpy.bool'>,"False, True",,11135.0,0.0,ADNI4,False,cofattori,,,
Key ADNI tables merged into one table,ADNIMERGE,,,GENDER/male,<class 'numpy.bool'>,"True, False",,11135.0,0.0,ADNI4,False,cofattori,,,
Key ADNI tables merged into one table,ADNIMERGE,,,MARRY/divorced,<class 'numpy.bool'>,"False, True",,11135.0,0.0,ADNI4,False,cofattori,,,
Key ADNI tables merged into one table,ADNIMERGE,,,MARRY/married,<class 'numpy.bool'>,"True, False",,11135.0,0.0,ADNI4,False,cofattori,,,
Key ADNI tables merged into one table,ADNIMERGE,,,MARRY/single,<class 'numpy.bool'>,"False, True",,11135.0,0.0,ADNI4,False,cofattori,,,
Key ADNI tables merged into one table,ADNIMERGE,,,MARRY/widowed,<class 'numpy.bool'>,"False, True",,11135.0,0.0,ADNI4,False,cofattori,,,
Key ADNI tables merged into one table,ADNIMERGE,,,ETHNICITY/latino,<class 'numpy.bool'>,"False, True",,11135.0,0.0,ADNI4,False,cofattori,,,
Key ADNI tables merged into one table,ADNIMERGE,,,ETHNICITY/not_latino,<class 'numpy.bool'>,"True, False",,11135.0,0.0,ADNI4,False,cofattori,,,
Key ADNI tables merged into one table,ADNIMERGE,,,RACE/Asian,<class 'numpy.bool'>,"False, True",,11135.0,0.0,ADNI4,False,cofattori,,,
Key ADNI tables merged into one table,ADNIMERGE,,,RACE/Black,<class 'numpy.bool'>,"False, True",,11135.0,0.0,ADNI4,False,cofattori,,,
Key ADNI tables merged into one table,ADNIMERGE,,,RACE/Mixed,<class 'numpy.bool'>,"False, True",,11135.0,0.0,ADNI4,False,cofattori,,,
Key ADNI tables merged into one table,ADNIMERGE,,,RACE/Native_american,<class 'numpy.bool'>,"False, True",,11135.0,0.0,ADNI4,False,cofattori,,,
Key ADNI tables merged into one table,ADNIMERGE,,,RACE/White,<class 'numpy.bool'>,"True, False",,11135.0,0.0,ADNI4,False,cofattori,,,
Key ADNI tables merged into one table,ADNIMERGE,,,DX/CN,<class 'numpy.bool'>,"True, False",,11135.0,0.0,ADNI4,False,,,,
Key ADNI tables merged into one table,ADNIMERGE,,,DX/Dementia,<class 'numpy.bool'>,"False, True",,11135.0,0.0,ADNI4,False,,,,
Key ADNI tables merged into one table,ADNIMERGE,,,DX/MCI,<class 'numpy.bool'>,"False, True",,11135.0,0.0,ADNI4,False,,,,
Key ADNI tables merged into one table,ADNIMERGE,,,VISIT_MONTH,<class 'numpy.int64'>,,"204.0, 0.0",11135.0,0.0,ADNI4,False,,,,
ADSP Phenotype Harmonization Consortium (PHC) - Composite Biomarker Scores,ADSP_PHC_BIOMARKER,ID,PTID,PTID,<class 'str'>,"011_S_0003, 022_S_0004, 011_S_0005, 011_S_0008, 011_S_0010",,1245.0,0.0,"ADNI3, ADNI4",False,,,,
ADSP Phenotype Harmonization Consortium (PHC) - Composite Biomarker Scores,ADSP_PHC_BIOMARKER,ID,RID,RID,<class 'numpy.int64'>,,"5296.0, 3.0",1245.0,0.0,"ADNI3, ADNI4",False,,,,
ADSP Phenotype Harmonization Consortium (PHC) - Composite Biomarker Scores,ADSP_PHC_BIOMARKER,Cohort,PHASE,COHORT,<class 'str'>,"ADNI1, ADNIGO, ADNI2",,1245.0,0.0,"ADNI3, ADNI4",False,,,,
ADSP Phenotype Harmonization Consortium (PHC) - Composite Biomarker Scores,ADSP_PHC_BIOMARKER,Education,PHC_Education,EDUCAT,<class 'numpy.int64'>,,"20.0, 4.0",1245.0,0.0,"ADNI3, ADNI4",False,cofattori,,,
ADSP Phenotype Harmonization Consortium (PHC) - Composite Biomarker Scores,ADSP_PHC_BIOMARKER,Tau,PHC_Tau,PHC_Tau,<class 'numpy.float64'>,,"2.66834693328626, -2.75390285653023",1212.0,33.0,"ADNI3, ADNI4",False,predittori,norm_intervallo,,
ADSP Phenotype Harmonization Consortium (PHC) - Composite Biomarker Scores,ADSP_PHC_BIOMARKER,Visit,PHC_Visit,PHC_Visit,<class 'numpy.float64'>,,"10.0, 1.0",1243.0,2.0,"ADNI3, ADNI4",False,,,,
ADSP Phenotype Harmonization Consortium (PHC) - Composite Biomarker Scores,ADSP_PHC_BIOMARKER,Tau,PHC_pTau,PHC_pTau,<class 'numpy.float64'>,,"2.95236525879149, -2.97667099545672",1238.0,7.0,"ADNI3, ADNI4",False,predittori,norm_intervallo,,
ADSP Phenotype Harmonization Consortium (PHC) - Composite Biomarker Scores,ADSP_PHC_BIOMARKER,Abeta,PHC_AB42,PHC_AB42,<class 'numpy.float64'>,,"2.62575583932457, -2.50491980032413",1242.0,3.0,"ADNI3, ADNI4",False,predittori,norm_intervallo,,
ADSP Phenotype Harmonization Consortium (PHC) - Composite Biomarker Scores,ADSP_PHC_BIOMARKER,Abeta,PHC_SCeNS_AB42_Score,PHC_SCeNS_AB42_Score,<class 'numpy.float64'>,,"93.9784578531717, -62.6428271053293",1236.0,9.0,"ADNI3, ADNI4",False,predittori,norm_intervallo,,
ADSP Phenotype Harmonization Consortium (PHC) - Composite Biomarker Scores,ADSP_PHC_BIOMARKER,Tau,PHC_SCeNS_pTau_Score,PHC_SCeNS_pTau_Score,<class 'numpy.float64'>,,"93.6386452771735, -100.0",1236.0,9.0,"ADNI3, ADNI4",False,predittori,norm_intervallo,,
ADSP Phenotype Harmonization Consortium (PHC) - Composite Biomarker Scores,ADSP_PHC_BIOMARKER,AT,AT_class,AT_class,<class 'numpy.float64'>,"2.0, 0.0, 3.0, 1.0, nan","3.0, 0.0",1236.0,9.0,"ADNI3, ADNI4",False,predittori,,,
ADSP Phenotype Harmonization Consortium (PHC) - Composite Biomarker Scores,ADSP_PHC_BIOMARKER,Age,PHC_Age_Biomarker,AGE,<class 'numpy.float64'>,,"95.76, 54.76",1245.0,0.0,"ADNI3, ADNI4",False,,,,
ADSP Phenotype Harmonization Consortium (PHC) - Composite Biomarker Scores,ADSP_PHC_BIOMARKER,,,GENDER/female,<class 'numpy.bool'>,"False, True",,1245.0,0.0,"ADNI3, ADNI4",False,cofattori,,,
ADSP Phenotype Harmonization Consortium (PHC) - Composite Biomarker Scores,ADSP_PHC_BIOMARKER,,,GENDER/male,<class 'numpy.bool'>,"True, False",,1245.0,0.0,"ADNI3, ADNI4",False,cofattori,,,
ADSP Phenotype Harmonization Consortium (PHC) - Composite Biomarker Scores,ADSP_PHC_BIOMARKER,,,ETHNICITY/latino,<class 'numpy.bool'>,"False, True",,1245.0,0.0,"ADNI3, ADNI4",False,cofattori,,,
ADSP Phenotype Harmonization Consortium (PHC) - Composite Biomarker Scores,ADSP_PHC_BIOMARKER,,,ETHNICITY/not_latino,<class 'numpy.bool'>,"True, False",,1245.0,0.0,"ADNI3, ADNI4",False,cofattori,,,
ADSP Phenotype Harmonization Consortium (PHC) - Composite Biomarker Scores,ADSP_PHC_BIOMARKER,,,RACE/Asian,<class 'numpy.bool'>,"False, True",,1245.0,0.0,"ADNI3, ADNI4",False,cofattori,,,
ADSP Phenotype Harmonization Consortium (PHC) - Composite Biomarker Scores,ADSP_PHC_BIOMARKER,,,RACE/Black,<class 'numpy.bool'>,"False, True",,1245.0,0.0,"ADNI3, ADNI4",False,cofattori,,,
ADSP Phenotype Harmonization Consortium (PHC) - Composite Biomarker Scores,ADSP_PHC_BIOMARKER,,,RACE/Native_american,<class 'numpy.bool'>,"False, True",,1245.0,0.0,"ADNI3, ADNI4",False,cofattori,,,
ADSP Phenotype Harmonization Consortium (PHC) - Composite Biomarker Scores,ADSP_PHC_BIOMARKER,,,RACE/White,<class 'numpy.bool'>,"True, False",,1245.0,0.0,"ADNI3, ADNI4",False,cofattori,,,
ADSP Phenotype Harmonization Consortium (PHC) - Composite Biomarker Scores,ADSP_PHC_BIOMARKER,,,DX/CN,<class 'numpy.bool'>,"False, True",,1245.0,0.0,"ADNI3, ADNI4",False,,,,
ADSP Phenotype Harmonization Consortium (PHC) - Composite Biomarker Scores,ADSP_PHC_BIOMARKER,,,DX/Dementia,<class 'numpy.bool'>,"True, False",,1245.0,0.0,"ADNI3, ADNI4",False,,,,
ADSP Phenotype Harmonization Consortium (PHC) - Composite Biomarker Scores,ADSP_PHC_BIOMARKER,,,DX/MCI,<class 'numpy.bool'>,"False, True",,1245.0,0.0,"ADNI3, ADNI4",False,,,,
ADSP Phenotype Harmonization Consortium (PHC) - Composite Biomarker Scores,ADSP_PHC_BIOMARKER,,,VISIT_MONTH,<class 'numpy.int64'>,0,"0.0, 0.0",1245.0,0.0,"ADNI3, ADNI4",False,,,,
ADSP Phenotype Harmonization Consortium (PHC) - Composite Biomarker Scores,ADSP_PHC_BIOMARKER,,,DRAWDATE,<class 'str'>,"2006-09-13, 2006-11-28, 2006-09-06, 2006-09-20, 2006-11-10",,1245.0,0.0,"ADNI3, ADNI4",False,,,,
The DIAN-ADNI Comparison Study,ADNI_DIAN_COMPARISON,ID,RID,RID,,,,,,,,,,,
The DIAN-ADNI Comparison Study,ADNI_DIAN_COMPARISON,visit,VISCODE,VISCODE,,,,,,,,,,,
The DIAN-ADNI Comparison Study,ADNI_DIAN_COMPARISON,Age,BIRTHYR,BIRTHYR,,,,,,,,,,,
The DIAN-ADNI Comparison Study,ADNI_DIAN_COMPARISON,CDR,CDRGLOB,CDRGLOB,,,,,,,,,,,
The DIAN-ADNI Comparison Study,ADNI_DIAN_COMPARISON,CDR,CDRSUM,CDRSUM,,,,,,,,,,,
The DIAN-ADNI Comparison Study,ADNI_DIAN_COMPARISON,CDR,CDR_BASELINE,CDR_BASELINE,,,,,,,,,,,
The DIAN-ADNI Comparison Study,ADNI_DIAN_COMPARISON,Other,CORT,CORT,,,,,,,,,,,
The DIAN-ADNI Comparison Study,ADNI_DIAN_COMPARISON,Visit,CSFDATE,CSFDATE,,,,,,,,,,,
The DIAN-ADNI Comparison Study,ADNI_DIAN_COMPARISON,CDR,CSF_CDRSB_BL,CSF_CDRSB_BL,,,,,,,,,,,
The DIAN-ADNI Comparison Study,ADNI_DIAN_COMPARISON,CDR,CSF_CDR_BL,CSF_CDR_BL,,,,,,,,,,,
The DIAN-ADNI Comparison Study,ADNI_DIAN_COMPARISON,Other,CSF_DATE_BL,CSF_DATE_BL,,,,,,,,,,,
The DIAN-ADNI Comparison Study,ADNI_DIAN_COMPARISON,Abeta,CSF_ELC_AB40,CSF_ELC_AB40,,,,,,,,,,,
The DIAN-ADNI Comparison Study,ADNI_DIAN_COMPARISON,Abeta,CSF_ELC_AB42,CSF_ELC_AB42,,,,,,,,,,,
The DIAN-ADNI Comparison Study,ADNI_DIAN_COMPARISON,Abeta,CSF_ELC_AB4240,CSF_ELC_AB4240,,,,,,,,,,,
The DIAN-ADNI Comparison Study,ADNI_DIAN_COMPARISON,Tau,CSF_ELC_PTAU,CSF_ELC_PTAU,,,,,,,,,,,
The DIAN-ADNI Comparison Study,ADNI_DIAN_COMPARISON,Tau,CSF_ELC_TAU,CSF_ELC_TAU,,,,,,,,,,,
The DIAN-ADNI Comparison Study,ADNI_DIAN_COMPARISON,APOE,DIAN_APOE,DIAN_APOE,,,,,,,,,,,
The DIAN-ADNI Comparison Study,ADNI_DIAN_COMPARISON,CDR,DIAN_CDRSB_BL,DIAN_CDRSB_BL,,,,,,,,,,,
The DIAN-ADNI Comparison Study,ADNI_DIAN_COMPARISON,MMSE,DIAN_MMSE,DIAN_MMSE,,,,,,,,,,,
The DIAN-ADNI Comparison Study,ADNI_DIAN_COMPARISON,Age,DIAN_YEARS_BL,DIAN_YEARS_BL,,,,,,,,,,,
The DIAN-ADNI Comparison Study,ADNI_DIAN_COMPARISON,Sex,GENDER,GENDER,,,,,,,,,,,
The DIAN-ADNI Comparison Study,ADNI_DIAN_COMPARISON,Visit,LAST_VISIT_DATE,LAST_VISIT_DATE,,,,,,,,,,,
The DIAN-ADNI Comparison Study,ADNI_DIAN_COMPARISON,Marry,MARISTAT,MARISTAT,,,,,,,,,,,
The DIAN-ADNI Comparison Study,ADNI_DIAN_COMPARISON,CDR,MRI_CDRSB_BL,MRI_CDRSB_BL,,,,,,,,,,,
The DIAN-ADNI Comparison Study,ADNI_DIAN_COMPARISON,CDR,MRI_CDR_BL,MRI_CDR_BL,,,,,,,,,,,
The DIAN-ADNI Comparison Study,ADNI_DIAN_COMPARISON,Visit,MRI_DATE_BL,MRI_DATE_BL,,,,,,,,,,,
The DIAN-ADNI Comparison Study,ADNI_DIAN_COMPARISON,Visit,MRI_SCANDATE,MRI_SCANDATE,,,,,,,,,,,
The DIAN-ADNI Comparison Study,ADNI_DIAN_COMPARISON,Volume,MR_TOTT_PRECUNEUS,MR_TOTT_PRECUNEUS,,,,,,,,,,,
The DIAN-ADNI Comparison Study,ADNI_DIAN_COMPARISON,Volume,MR_TOTV_HIPPOCAMPUS,MR_TOTV_HIPPOCAMPUS,,,,,,,,,,,
The DIAN-ADNI Comparison Study,ADNI_DIAN_COMPARISON,Volume,MR_TOTV_INTRACRANIAL,MR_TOTV_INTRACRANIAL,,,,,,,,,,,
The DIAN-ADNI Comparison Study,ADNI_DIAN_COMPARISON,Volume,MR_TOTV_WMHYPOINTENSITIES,MR_TOTV_WMHYPOINTENSITIES,,,,,,,,,,,
The DIAN-ADNI Comparison Study,ADNI_DIAN_COMPARISON,CDR,PET_CDRSB_BL,PET_CDRSB_BL,,,,,,,,,,,
The DIAN-ADNI Comparison Study,ADNI_DIAN_COMPARISON,CDR,PET_CDR_BL,PET_CDR_BL,,,,,,,,,,,
The DIAN-ADNI Comparison Study,ADNI_DIAN_COMPARISON,Visit,PET_DATE_BL,PET_DATE_BL,,,,,,,,,,,
The DIAN-ADNI Comparison Study,ADNI_DIAN_COMPARISON,Visit,PET_SCANDATE,PET_SCANDATE,,,,,,,,,,,
The DIAN-ADNI Comparison Study,ADNI_DIAN_COMPARISON,Other,PET_TYPE,PET_TYPE,,,,,,,,,,,
The DIAN-ADNI Comparison Study,ADNI_DIAN_COMPARISON,Abeta,PIB_FSUVR_RSF_TOT_CORTMEAN,PIB_FSUVR_RSF_TOT_CORTMEAN,,,,,,,,,,,
The DIAN-ADNI Comparison Study,ADNI_DIAN_COMPARISON,Abeta,PIB_FSUVR_RSF_TOT_CTX_PRECUNEUS,PIB_FSUVR_RSF_TOT_CTX_PRECUNEUS,,,,,,,,,,,
The DIAN-ADNI Comparison Study,ADNI_DIAN_COMPARISON,Abeta,PIB_FSUVR_RSF_TOT_HIPPOCAMPUS,PIB_FSUVR_RSF_TOT_HIPPOCAMPUS,,,,,,,,,,,
The DIAN-ADNI Comparison Study,ADNI_DIAN_COMPARISON,Abeta,PIB_MSUVR_TOT_CORTMEAN,PIB_MSUVR_TOT_CORTMEAN,,,,,,,,,,,
The DIAN-ADNI Comparison Study,ADNI_DIAN_COMPARISON,Abeta,PIB_MSUVR_TOT_PRECUNEUS,PIB_MSUVR_TOT_PRECUNEUS,,,,,,,,,,,
The DIAN-ADNI Comparison Study,ADNI_DIAN_COMPARISON,Ethnicity,RACE,RACE,,,,,,,,,,,
The DIAN-ADNI Comparison Study,ADNI_DIAN_COMPARISON,Age,VISITAGE,VISITAGE,,,,,,,,,,,
The DIAN-ADNI Comparison Study,ADNI_DIAN_COMPARISON,visit,VISIT_DATE_BL,VISIT_DATE_BL,,,,,,,,,,,
Diagnostic Summary - Baseline Changes,BLCHANGE,ID,PTID,PTID,<class 'str'>,"023_S_0030, 023_S_0031, 100_S_0015, 022_S_0007, 011_S_0002",,9125.0,0.0,,False,,,,
Diagnostic Summary - Baseline Changes,BLCHANGE,Cohort,PHASE,COHORT,<class 'str'>,"ADNI1, ADNIGO, ADNI2, ADNI3, ADNI4",,9125.0,0.0,,False,,,,
Diagnostic Summary - Baseline Changes,BLCHANGE,ID,RID,RID,<class 'numpy.int64'>,,"7121.0, 2.0",9125.0,0.0,,False,,,,
Diagnostic Summary - Baseline Changes,BLCHANGE,Visit,EXAMDATE,EXAMDATE,<class 'str'>,"2006-04-13, 2006-10-12, 2007-05-07, 2007-11-13, 2008-11-26",,9124.0,1.0,,False,,,,
Diagnostic Summary - Baseline Changes,BLCHANGE,ADAS,BCADAS,ADAS,<class 'numpy.float64'>,"0.0, 1.0, nan, -1.0","1.0, -1.0",9107.0,18.0,,False,predittori,norm_scala,,
Diagnostic Summary - Baseline Changes,BLCHANGE,MMSE,BCMMSE,MMSE,<class 'numpy.float64'>,"1.0, 0.0, nan, -1.0","1.0, -1.0",9119.0,6.0,,False,predittori,norm_scala,,
Diagnostic Summary - Baseline Changes,BLCHANGE,MMSE,BCMMSREC,MMSREC,<class 'numpy.float64'>,"1.0, 0.0, nan, -1.0","1.0, -1.0",9118.0,7.0,,False,predittori,norm_scala,,
Diagnostic Summary - Baseline Changes,BLCHANGE,MMSE,BCNMMMS,BCNMMMS,<class 'numpy.float64'>,"1.0, 0.0, nan, -1.0","1.0, -1.0",9116.0,9.0,,False,predittori,norm_scala,,
Diagnostic Summary - Baseline Changes,BLCHANGE,Other,BCNEUPSY,BCNEUPSY,<class 'numpy.float64'>,"1.0, 0.0, nan, -1.0","1.0, -1.0",9110.0,15.0,,False,predittori,,,
Diagnostic Summary - Baseline Changes,BLCHANGE,Other,BCNONMEM,BCNONMEM,<class 'numpy.float64'>,"0.0, 1.0, nan, -1.0","1.0, -1.0",9109.0,16.0,,False,predittori,,,
Diagnostic Summary - Baseline Changes,BLCHANGE,FAQ,BCFAQ,FAQ,<class 'numpy.float64'>,"0.0, 1.0, nan, -1.0","1.0, -1.0",9097.0,28.0,,False,predittori,norm_scala,,
Diagnostic Summary - Baseline Changes,BLCHANGE,Other,BCDEPRES,BCDEPRES,<class 'numpy.float64'>,"0.0, 1.0, nan","1.0, 0.0",9121.0,4.0,,False,predittori,,,
Diagnostic Summary - Baseline Changes,BLCHANGE,Other,BCSTROKE,BCSTROKE,<class 'numpy.float64'>,"0.0, 1.0, nan","1.0, 0.0",9124.0,1.0,,False,predittori,,,
Diagnostic Summary - Baseline Changes,BLCHANGE,CDR,BCCDR,CDR,<class 'numpy.float64'>,"1.0, 0.0, nan, -1.0","1.0, -1.0",9075.0,50.0,,False,predittori,norm_scala,,
Diagnostic Summary - Baseline Changes,BLCHANGE,,,VISIT_MONTH,<class 'numpy.float64'>,,"225.0, 0.0",9124.0,1.0,,False,,,,
Diagnostic Summary - Baseline Changes,BLCHANGE,,,DX/CN,<class 'numpy.bool'>,"False, True",,9125.0,0.0,,False,,,,
Diagnostic Summary - Baseline Changes,BLCHANGE,,,DX/Dementia,<class 'numpy.bool'>,"False, True",,9125.0,0.0,,False,,,,
Diagnostic Summary - Baseline Changes,BLCHANGE,,,DX/MCI,<class 'numpy.bool'>,"True, False",,9125.0,0.0,,False,,,,
Participant Demographic Information,PTDEMOG,ID,PTID,PTID,<class 'str'>,"011_S_0002, 011_S_0008, 100_S_0015, 011_S_0021, 023_S_0031",,1906.0,0.0,,False,,,,
Participant Demographic Information,PTDEMOG,Cohort,PHASE,COHORT,<class 'str'>,"ADNI1, ADNIGO, ADNI2, ADNI4, ADNI3",,1906.0,0.0,,False,,,,
Participant Demographic Information,PTDEMOG,ID,RID,RID,<class 'numpy.int64'>,,"7121.0, 2.0",1906.0,0.0,,False,,,,
Participant Demographic Information,PTDEMOG,Visit,VISDATE,VISDATE,<class 'str'>,"2005-08-17, 2010-09-22, 2011-09-19, 2005-08-29, 2010-09-27",,1906.0,0.0,,False,,,,
Participant Demographic Information,PTDEMOG,Age,PTDOB,PTDOB,<class 'str'>,"04/1931, 03/1921, 11/1924, 02/1933, 01/1928",,1906.0,0.0,,False,,,,
Participant Demographic Information,PTDEMOG,Education,PTEDUCAT,EDUCAT,<class 'numpy.float64'>,,"20.0, 6.0",1901.0,5.0,,False,cofattori,,,
Participant Demographics,PTDEMOG,Age,PTDOBYY,PTDOBYY,<class 'numpy.float64'>,,"1971.0, 1916.0",1906.0,0.0,,False,cofattori,,,
Participant Demographic Information,PTDEMOG,,,AGE,<class 'numpy.float64'>,,"104.0, 50.0",1906.0,0.0,,False,,,,
Participant Demographic Information,PTDEMOG,,,GENDER/female,<class 'numpy.bool'>,"False, True",,1906.0,0.0,,False,,,,
Participant Demographic Information,PTDEMOG,,,GENDER/male,<class 'numpy.bool'>,"True, False",,1906.0,0.0,,False,,,,
Participant Demographic Information,PTDEMOG,,,MARRY/divorced,<class 'numpy.bool'>,"False, True",,1906.0,0.0,,False,cofattori,,,
Participant Demographic Information,PTDEMOG,,,MARRY/married,<class 'numpy.bool'>,"True, False",,1906.0,0.0,,False,cofattori,,,
Participant Demographic Information,PTDEMOG,,,MARRY/single,<class 'numpy.bool'>,"False, True",,1906.0,0.0,,False,cofattori,,,
Participant Demographic Information,PTDEMOG,,,MARRY/widowed,<class 'numpy.bool'>,"False, True",,1906.0,0.0,,False,cofattori,,,
Participant Demographic Information,PTDEMOG,,,ETHNICITY/latino,<class 'numpy.bool'>,"False, True",,1906.0,0.0,,False,cofattori,,,
Participant Demographic Information,PTDEMOG,,,ETHNICITY/not_latino,<class 'numpy.bool'>,"True, False",,1906.0,0.0,,False,cofattori,,,
Participant Demographic Information,PTDEMOG,,,RACE/Asian,<class 'numpy.bool'>,"False, True",,1906.0,0.0,,False,cofattori,,,
Participant Demographic Information,PTDEMOG,,,RACE/Black,<class 'numpy.bool'>,"False, True",,1906.0,0.0,,False,cofattori,,,
Participant Demographic Information,PTDEMOG,,,RACE/Mixed,<class 'numpy.bool'>,"False, True",,1906.0,0.0,,False,cofattori,,,
Participant Demographic Information,PTDEMOG,,,RACE/Native_american,<class 'numpy.bool'>,"False, True",,1906.0,0.0,,False,cofattori,,,
Participant Demographic Information,PTDEMOG,,,RACE/White,<class 'numpy.bool'>,"True, False",,1906.0,0.0,,False,cofattori,,,
Participant Demographic Information,PTDEMOG,,,VISIT_MONTH,<class 'numpy.float64'>,,"226.0, 0.0",1906.0,0.0,,False,,,,
Mini Mental State Exam,MMSE,ID,PTID,PTID,<class 'str'>,"011_S_0002, 011_S_0003, 022_S_0004, 011_S_0005, 100_S_0006",,11135.0,0.0,ADNI4,False,predittori,,,
Mini Mental State Exam,MMSE,Cohort,PHASE,COHORT,<class 'str'>,"ADNI1, ADNIGO, ADNI2, ADNI3",,11135.0,0.0,ADNI4,False,cofattori,,,
Mini Mental State Exam,MMSE,ID,RID,RID,<class 'numpy.int64'>,,"7088.0, 2.0",11135.0,0.0,ADNI4,False,,,,
Mini Mental State Exam,MMSE,MMSE,MMSCORE,MMSE,<class 'numpy.float64'>,,"30.0, 0.0",11067.0,68.0,ADNI4,False,,norm_scala,,
Mini Mental State Exam,MMSE,,,AGE_bl,<class 'numpy.float64'>,,"91.4, 55.0",11129.0,6.0,ADNI4,False,,,,
Mini Mental State Exam,MMSE,,,VISIT_MONTH,<class 'numpy.int64'>,,"204.0, 0.0",11135.0,0.0,ADNI4,False,,,,
Mini Mental State Exam,MMSE,,,EXAMDATE,<class 'str'>,"2005-09-08, 2006-03-06, 2008-08-27, 2010-09-22, 2011-09-19",,11135.0,0.0,ADNI4,False,,,,
Mini Mental State Exam,MMSE,,,AGE,<class 'numpy.float64'>,,"97.8, 55.0",11129.0,6.0,ADNI4,False,,,,
Mini Mental State Exam,MMSE,,,EDUCAT,<class 'numpy.int64'>,,"20.0, 4.0",11135.0,0.0,ADNI4,False,,,,
Mini Mental State Exam,MMSE,,,APOE4,<class 'numpy.float64'>,"0.0, 1.0, 2.0, nan","2.0, 0.0",10990.0,145.0,ADNI4,False,,,,
Mini Mental State Exam,MMSE,,,CDRSB,<class 'numpy.float64'>,,"18.0, 0.0",10986.0,149.0,ADNI4,False,,,,
Mini Mental State Exam,MMSE,,,ADAS11,<class 'numpy.float64'>,,"70.0, 0.0",11036.0,99.0,ADNI4,False,,,,
Mini Mental State Exam,MMSE,,,ADAS13,<class 'numpy.float64'>,,"85.0, 0.0",10937.0,198.0,ADNI4,False,,,,
Mini Mental State Exam,MMSE,,,RAVLT_immediate,<class 'numpy.float64'>,,"75.0, 0.0",10951.0,184.0,ADNI4,False,,,,
Mini Mental State Exam,MMSE,,,FAQ,<class 'numpy.float64'>,,"30.0, 0.0",10975.0,160.0,ADNI4,False,,,,
Mini Mental State Exam,MMSE,,,Ventricles,<class 'numpy.float64'>,,"162729.0, 5650.0",8458.0,2677.0,ADNI4,False,,,,
Mini Mental State Exam,MMSE,,,Hippocampus,<class 'numpy.float64'>,,"11207.0, 2219.0",7874.0,3261.0,ADNI4,False,,,,
Mini Mental State Exam,MMSE,,,Entorhinal,<class 'numpy.float64'>,,"7062.0, 976.0",7488.0,3647.0,ADNI4,False,,,,
Mini Mental State Exam,MMSE,,,Fusiform,<class 'numpy.float64'>,,"29950.0, 7739.0",7488.0,3647.0,ADNI4,False,,,,
Mini Mental State Exam,MMSE,,,MidTemp,<class 'numpy.float64'>,,"32324.0, 8044.0",7488.0,3647.0,ADNI4,False,,,,
Mini Mental State Exam,MMSE,,,ICV,<class 'numpy.float64'>,,"3500150.0, 716133.0",9023.0,2112.0,ADNI4,False,,,,
Mini Mental State Exam,MMSE,,,GENDER/female,<class 'numpy.bool'>,"False, True",,11135.0,0.0,ADNI4,False,,,,
Mini Mental State Exam,MMSE,,,GENDER/male,<class 'numpy.bool'>,"True, False",,11135.0,0.0,ADNI4,False,,,,
Mini Mental State Exam,MMSE,,,MARRY/divorced,<class 'numpy.bool'>,"False, True",,11135.0,0.0,ADNI4,False,,,,
Mini Mental State Exam,MMSE,,,MARRY/married,<class 'numpy.bool'>,"True, False",,11135.0,0.0,ADNI4,False,,,,
Mini Mental State Exam,MMSE,,,MARRY/single,<class 'numpy.bool'>,"False, True",,11135.0,0.0,ADNI4,False,,,,
Mini Mental State Exam,MMSE,,,MARRY/widowed,<class 'numpy.bool'>,"False, True",,11135.0,0.0,ADNI4,False,,,,
Mini Mental State Exam,MMSE,,,ETHNICITY/latino,<class 'numpy.bool'>,"False, True",,11135.0,0.0,ADNI4,False,,,,
Mini Mental State Exam,MMSE,,,ETHNICITY/not_latino,<class 'numpy.bool'>,"True, False",,11135.0,0.0,ADNI4,False,,,,
Mini Mental State Exam,MMSE,,,RACE/Asian,<class 'numpy.bool'>,"False, True",,11135.0,0.0,ADNI4,False,,,,
Mini Mental State Exam,MMSE,,,RACE/Black,<class 'numpy.bool'>,"False, True",,11135.0,0.0,ADNI4,False,,,,
Mini Mental State Exam,MMSE,,,RACE/Mixed,<class 'numpy.bool'>,"False, True",,11135.0,0.0,ADNI4,False,,,,
Mini Mental State Exam,MMSE,,,RACE/Native_american,<class 'numpy.bool'>,"False, True",,11135.0,0.0,ADNI4,False,,,,
Mini Mental State Exam,MMSE,,,RACE/White,<class 'numpy.bool'>,"True, False",,11135.0,0.0,ADNI4,False,,,,
Mini Mental State Exam,MMSE,,,DX/CN,<class 'numpy.bool'>,"True, False",,11135.0,0.0,ADNI4,False,,,,
Mini Mental State Exam,MMSE,,,DX/Dementia,<class 'numpy.bool'>,"False, True",,11135.0,0.0,ADNI4,False,,,,
Mini Mental State Exam,MMSE,,,DX/MCI,<class 'numpy.bool'>,"False, True",,11135.0,0.0,ADNI4,False,,,,
Diagnostic Summary,DXSUM,ID,PTID,PTID,<class 'str'>,"011_S_0002, 011_S_0005, 011_S_0008, 100_S_0015, 023_S_0031",,2697.0,0.0,"ADNIGO, ADNI2, ADNI3, ADNI4",False,predittori,,,
Diagnostic Summary,DXSUM,Cohort,PHASE,COHORT,<class 'str'>,ADNI1,,2697.0,0.0,"ADNIGO, ADNI2, ADNI3, ADNI4",False,,,,
Diagnostic Summary,DXSUM,ID,RID,RID,<class 'numpy.int64'>,,"1427.0, 2.0",2697.0,0.0,"ADNIGO, ADNI2, ADNI3, ADNI4",False,,,,
Diagnostic Summary,DXSUM,Visit,EXAMDATE,EXAMDATE,<class 'str'>,"2005-09-29, 2006-03-06, 2008-08-27, 2005-09-30, 2006-03-09",,2697.0,0.0,"ADNIGO, ADNI2, ADNI3, ADNI4",False,,,,
Diagnostic Summary,DXSUM,Diagnosi,DXCONFID,DXCONFID,<class 'numpy.float64'>,"4.0, 3.0, 2.0, 1.0","4.0, 1.0",2697.0,0.0,"ADNIGO, ADNI2, ADNI3, ADNI4",False,predittori,,,
Diagnostic Summary,DXSUM,,,DX/CN,<class 'numpy.bool'>,"True, False",,2697.0,0.0,"ADNIGO, ADNI2, ADNI3, ADNI4",False,predittori,,,
Diagnostic Summary,DXSUM,,,DX/Dementia,<class 'numpy.bool'>,"False, True",,2697.0,0.0,"ADNIGO, ADNI2, ADNI3, ADNI4",False,predittori,,,
Diagnostic Summary,DXSUM,,,DX/MCI,<class 'numpy.bool'>,"False, True",,2697.0,0.0,"ADNIGO, ADNI2, ADNI3, ADNI4",False,predittori,,,
Diagnostic Summary,DXSUM,,,VISIT_MONTH,<class 'numpy.int64'>,,"88.0, 0.0",2697.0,0.0,"ADNIGO, ADNI2, ADNI3, ADNI4",False,,,,
UCSF - ADNI-1 3T Cross-Sectional FreeSurfer (5.1) [ADNI1],UCSFFSX51_ADNI1_3T,ID,RID,RID,<class 'numpy.int64'>,None,"1427.0, 2.0",2697.0,0.0,pop not found,False,,,,
UCSF - ADNI-1 3T Cross-Sectional FreeSurfer (5.1) [ADNI1],UCSFFSX51_ADNI1_3T,Visit,EXAMDATE,EXAMDATE,<class 'str'>,"2005-09-29, 2006-03-06, 2008-08-27, 2005-09-30, 2006-03-09",None,2697.0,0.0,pop not found,False,,,,
UCSF - ADNI-1 3T Cross-Sectional FreeSurfer (5.1) [ADNI1],UCSFFSX51_ADNI1_3T,,,VISIT_MONTH,<class 'numpy.int64'>,None,"88.0, 0.0",2697.0,0.0,pop not found,False,,,,
UCSF - ADNI-1 3T Cross-Sectional FreeSurfer (5.1) [ADNI1],UCSFFSX51_ADNI1_3T,,,VISIT_MONTH,,,,,,,,,,,
UCSF - ADNI-1 3T Cross-Sectional FreeSurfer (5.1) [ADNI1],UCSFFSX51_ADNI1_3T,,,PTID,<class 'str'>,"011_S_0002, 011_S_0005, 011_S_0008, 100_S_0015, 023_S_0031",None,2697.0,0.0,pop not found,False,,,,
UCSF - ADNI-1 3T Cross-Sectional FreeSurfer (5.1) [ADNI1],UCSFFSX51_ADNI1_3T,,,COHORT,<class 'str'>,ADNI1,None,2697.0,0.0,pop not found,False,,,,
UCSF - ADNI-1 3T Cross-Sectional FreeSurfer (5.1) [ADNI1],UCSFFSX51_ADNI1_3T,,,DXCONFID,<class 'numpy.float64'>,"4.0, 3.0, 2.0, 1.0","4.0, 1.0",2697.0,0.0,pop not found,False,,,,
UCSF - ADNI-1 3T Cross-Sectional FreeSurfer (5.1) [ADNI1],UCSFFSX51_ADNI1_3T,,,DX/CN,<class 'numpy.bool'>,"True, False",None,2697.0,0.0,pop not found,False,,,,
UCSF - ADNI-1 3T Cross-Sectional FreeSurfer (5.1) [ADNI1],UCSFFSX51_ADNI1_3T,,,DX/Dementia,<class 'numpy.bool'>,"False, True",None,2697.0,0.0,pop not found,False,,,,
UCSF - ADNI-1 3T Cross-Sectional FreeSurfer (5.1) [ADNI1],UCSFFSX51_ADNI1_3T,,,DX/MCI,<class 'numpy.bool'>,"False, True",None,2697.0,0.0,pop not found,False,,,,
"UCSF - Cross-Sectional FreeSurfer (5.1) [ADNI1,GO,2]",UCSFFSX51,ID,RID,RID,<class 'numpy.int64'>,,"1427.0, 2.0",2697.0,0.0,"ADNIGO, ADNI2, ADNI3, ADNI4",False,,,,
"UCSF - Cross-Sectional FreeSurfer (5.1) [ADNI1,GO,2]",UCSFFSX51,Cohort,COLPROT,COHORT,<class 'str'>,ADNI1,,2697.0,0.0,"ADNIGO, ADNI2, ADNI3, ADNI4",False,,,,
"UCSF - Cross-Sectional FreeSurfer (5.1) [ADNI1,GO,2]",UCSFFSX51,Visit,EXAMDATE,EXAMDATE,<class 'str'>,"2005-09-29, 2006-03-06, 2008-08-27, 2005-09-30, 2006-03-09",,2697.0,0.0,"ADNIGO, ADNI2, ADNI3, ADNI4",False,,,,
"UCSF - Cross-Sectional FreeSurfer (5.1) [ADNI1,GO,2]",UCSFFSX52,Other,STATUS,STATUS,,,,,,,,,,,
"UCSF - Cross-Sectional FreeSurfer (5.1) [ADNI1,GO,2]",UCSFFSX51,,,VISIT_MONTH,<class 'numpy.int64'>,,"88.0, 0.0",2697.0,0.0,"ADNIGO, ADNI2, ADNI3, ADNI4",False,,,,
"UCSF - Cross-Sectional FreeSurfer (5.1) [ADNI1,GO,2]",UCSFFSX51,,,VISIT_MONTH,,,,,,,,,,,
"UCSF - Cross-Sectional FreeSurfer (5.1) [ADNI1,GO,2]",UCSFFSX51,,,PTID,<class 'str'>,"011_S_0002, 011_S_0005, 011_S_0008, 100_S_0015, 023_S_0031",,2697.0,0.0,"ADNIGO, ADNI2, ADNI3, ADNI4",False,,,,
"UCSF - Cross-Sectional FreeSurfer (5.1) [ADNI1,GO,2]",UCSFFSX51,,,DXCONFID,<class 'numpy.float64'>,"4.0, 3.0, 2.0, 1.0","4.0, 1.0",2697.0,0.0,"ADNIGO, ADNI2, ADNI3, ADNI4",False,,,,
"UCSF - Cross-Sectional FreeSurfer (5.1) [ADNI1,GO,2]",UCSFFSX51,,,DX/CN,<class 'numpy.bool'>,"True, False",,2697.0,0.0,"ADNIGO, ADNI2, ADNI3, ADNI4",False,,,,
"UCSF - Cross-Sectional FreeSurfer (5.1) [ADNI1,GO,2]",UCSFFSX51,,,DX/Dementia,<class 'numpy.bool'>,"False, True",,2697.0,0.0,"ADNIGO, ADNI2, ADNI3, ADNI4",False,,,,
"UCSF - Cross-Sectional FreeSurfer (5.1) [ADNI1,GO,2]",UCSFFSX51,,,DX/MCI,<class 'numpy.bool'>,"False, True",,2697.0,0.0,"ADNIGO, ADNI2, ADNI3, ADNI4",False,,,,
UCSF - Cross-Sectional FreeSurfer (6.0) [ADNI3],UCSFFSX6,ID,RID,RID,<class 'numpy.int64'>,,"1427.0, 2.0",2697.0,0.0,"ADNIGO, ADNI2, ADNI3, ADNI4",False,,,,
UCSF - Cross-Sectional FreeSurfer (6.0) [ADNI3],UCSFFSX6,Cohort,PHASE,COHORT,<class 'str'>,ADNI1,,2697.0,0.0,"ADNIGO, ADNI2, ADNI3, ADNI4",False,,,,
UCSF - Cross-Sectional FreeSurfer (6.0) [ADNI3],UCSFFSX6,Visit,EXAMDATE,EXAMDATE,<class 'str'>,"2005-09-29, 2006-03-06, 2008-08-27, 2005-09-30, 2006-03-09",,2697.0,0.0,"ADNIGO, ADNI2, ADNI3, ADNI4",False,,,,
UCSF - Cross-Sectional FreeSurfer (6.0) [ADNI3],UCSFFSX6,,,VISIT_MONTH,<class 'numpy.int64'>,,"88.0, 0.0",2697.0,0.0,"ADNIGO, ADNI2, ADNI3, ADNI4",False,,,,
UCSF - Cross-Sectional FreeSurfer (6.0) [ADNI3],UCSFFSX6,,,VISIT_MONTH,,,,,,,,,,,
UCSF - Cross-Sectional FreeSurfer (6.0) [ADNI3],UCSFFSX6,,,VISIT_MONTH,,,,,,,,,,,
UCSF - Cross-Sectional FreeSurfer (6.0) [ADNI3],UCSFFSX6,,,PTID,<class 'str'>,"011_S_0002, 011_S_0005, 011_S_0008, 100_S_0015, 023_S_0031",,2697.0,0.0,"ADNIGO, ADNI2, ADNI3, ADNI4",False,,,,
UCSF - Cross-Sectional FreeSurfer (6.0) [ADNI3],UCSFFSX6,,,DXCONFID,<class 'numpy.float64'>,"4.0, 3.0, 2.0, 1.0","4.0, 1.0",2697.0,0.0,"ADNIGO, ADNI2, ADNI3, ADNI4",False,,,,
UCSF - Cross-Sectional FreeSurfer (6.0) [ADNI3],UCSFFSX6,,,DX/CN,<class 'numpy.bool'>,"True, False",,2697.0,0.0,"ADNIGO, ADNI2, ADNI3, ADNI4",False,,,,
UCSF - Cross-Sectional FreeSurfer (6.0) [ADNI3],UCSFFSX6,,,DX/Dementia,<class 'numpy.bool'>,"False, True",,2697.0,0.0,"ADNIGO, ADNI2, ADNI3, ADNI4",False,,,,
UCSF - Cross-Sectional FreeSurfer (6.0) [ADNI3],UCSFFSX6,,,DX/MCI,<class 'numpy.bool'>,"False, True",,2697.0,0.0,"ADNIGO, ADNI2, ADNI3, ADNI4",False,,,,
"UCSF - Cross-Sectional FreeSurfer (7.x) [ADNI1,GO,2,3,4]",UCSFFSX7,ID,RID,RID,<class 'numpy.int64'>,,"1427.0, 2.0",2697.0,0.0,"ADNIGO, ADNI2, ADNI3, ADNI4",False,,,,
"UCSF - Cross-Sectional FreeSurfer (7.x) [ADNI1,GO,2,3,4]",UCSFFSX7,Cohort,PHASE,COHORT,<class 'str'>,ADNI1,,2697.0,0.0,"ADNIGO, ADNI2, ADNI3, ADNI4",False,,,,
"UCSF - Cross-Sectional FreeSurfer (7.x) [ADNI1,GO,2,3,4]",UCSFFSX7,Visit,EXAMDATE,EXAMDATE,<class 'str'>,"2005-09-29, 2006-03-06, 2008-08-27, 2005-09-30, 2006-03-09",,2697.0,0.0,"ADNIGO, ADNI2, ADNI3, ADNI4",False,,,,
"UCSF - Cross-Sectional FreeSurfer (7.x) [ADNI1,GO,2,3,4]",UCSFFSX7,,,VISIT_MONTH,<class 'numpy.int64'>,,"88.0, 0.0",2697.0,0.0,"ADNIGO, ADNI2, ADNI3, ADNI4",False,,,,
"UCSF - Cross-Sectional FreeSurfer (7.x) [ADNI1,GO,2,3,4]",UCSFFSX7,,,VISIT_MONTH,,,,,,,,,,,
"UCSF - Cross-Sectional FreeSurfer (7.x) [ADNI1,GO,2,3,4]",UCSFFSX7,,,VISIT_MONTH,,,,,,,,,,,
"UCSF - Cross-Sectional FreeSurfer (7.x) [ADNI1,GO,2,3,4]",UCSFFSX7,,,PTID,<class 'str'>,"011_S_0002, 011_S_0005, 011_S_0008, 100_S_0015, 023_S_0031",,2697.0,0.0,"ADNIGO, ADNI2, ADNI3, ADNI4",False,,,,
"UCSF - Cross-Sectional FreeSurfer (7.x) [ADNI1,GO,2,3,4]",UCSFFSX7,,,DXCONFID,<class 'numpy.float64'>,"4.0, 3.0, 2.0, 1.0","4.0, 1.0",2697.0,0.0,"ADNIGO, ADNI2, ADNI3, ADNI4",False,,,,
"UCSF - Cross-Sectional FreeSurfer (7.x) [ADNI1,GO,2,3,4]",UCSFFSX7,,,DX/CN,<class 'numpy.bool'>,"True, False",,2697.0,0.0,"ADNIGO, ADNI2, ADNI3, ADNI4",False,,,,
"UCSF - Cross-Sectional FreeSurfer (7.x) [ADNI1,GO,2,3,4]",UCSFFSX7,,,DX/Dementia,<class 'numpy.bool'>,"False, True",,2697.0,0.0,"ADNIGO, ADNI2, ADNI3, ADNI4",False,,,,
"UCSF - Cross-Sectional FreeSurfer (7.x) [ADNI1,GO,2,3,4]",UCSFFSX7,,,DX/MCI,<class 'numpy.bool'>,"False, True",,2697.0,0.0,"ADNIGO, ADNI2, ADNI3, ADNI4",False,,,,
"UCSF - Cross-Sectional FreeSurfer (FreeSurfer Version 4.3) [ADNI1,GO,2]",UCSFFSX,ID,RID,RID,<class 'numpy.int64'>,,"1427.0, 2.0",2697.0,0.0,pop not found,False,,,,
"UCSF - Cross-Sectional FreeSurfer (FreeSurfer Version 4.3) [ADNI1,GO,2]",UCSFFSX,Visit,EXAMDATE,EXAMDATE,<class 'str'>,"2005-09-29, 2006-03-06, 2008-08-27, 2005-09-30, 2006-03-09",,2697.0,0.0,pop not found,False,,,,
"UCSF - Cross-Sectional FreeSurfer (FreeSurfer Version 4.3) [ADNI1,GO,2]",UCSFFSX,Visit,,VISIT_MONTH,<class 'numpy.int64'>,,"88.0, 0.0",2697.0,0.0,pop not found,False,,,,
"UCSF - Cross-Sectional FreeSurfer (FreeSurfer Version 4.3) [ADNI1,GO,2]",UCSFFSX,,,VISIT_MONTH,,,,,,,,,,,
"UCSF - Cross-Sectional FreeSurfer (FreeSurfer Version 4.3) [ADNI1,GO,2]",UCSFFSX,,,VISIT_MONTH,,,,,,,,,,,
"UCSF - Cross-Sectional FreeSurfer (FreeSurfer Version 4.3) [ADNI1,GO,2]",UCSFFSX,,,PTID,<class 'str'>,"011_S_0002, 011_S_0005, 011_S_0008, 100_S_0015, 023_S_0031",,2697.0,0.0,pop not found,False,,,,
"UCSF - Cross-Sectional FreeSurfer (FreeSurfer Version 4.3) [ADNI1,GO,2]",UCSFFSX,,,COHORT,<class 'str'>,ADNI1,,2697.0,0.0,pop not found,False,,,,
"UCSF - Cross-Sectional FreeSurfer (FreeSurfer Version 4.3) [ADNI1,GO,2]",UCSFFSX,,,DXCONFID,<class 'numpy.float64'>,"4.0, 3.0, 2.0, 1.0","4.0, 1.0",2697.0,0.0,pop not found,False,,,,
"UCSF - Cross-Sectional FreeSurfer (FreeSurfer Version 4.3) [ADNI1,GO,2]",UCSFFSX,,,DX/CN,<class 'numpy.bool'>,"True, False",,2697.0,0.0,pop not found,False,,,,
"UCSF - Cross-Sectional FreeSurfer (FreeSurfer Version 4.3) [ADNI1,GO,2]",UCSFFSX,,,DX/Dementia,<class 'numpy.bool'>,"False, True",,2697.0,0.0,pop not found,False,,,,
"UCSF - Cross-Sectional FreeSurfer (FreeSurfer Version 4.3) [ADNI1,GO,2]",UCSFFSX,,,DX/MCI,<class 'numpy.bool'>,"False, True",,2697.0,0.0,pop not found,False,,,,
