file_name,file_code,parameter,variable_code,Unit,type_variable,classes,range,valid_values,missing_values,missing_pop,del,metadati_fattori,metadati_normalizzazione,Unnamed: 14,Unnamed: 15,population
Key ADNI tables merged into one table,ADNIMERGE,ID,RID,,<class 'numpy.int64'>,None,"7125.0, 2.0",16421.0,0.0,ADNI4,keep,,,,,
Key ADNI tables merged into one table,ADNIMERGE,Cohort,COLPROT,,<class 'str'>,"ADNI1, ADNI2, ADNIGO, ADNI3",None,16421.0,0.0,ADNI4,keep,,,,,
Key ADNI tables merged into one table,ADNIMERGE,visit,VISCODE,,<class 'str'>,"bl, m06, m12, m24, m18",None,16421.0,0.0,ADNI4,keep,,,,,
Key ADNI tables merged into one table,ADNIMERGE,visit,EXAMDATE,,<class 'str'>,"2005-09-08, 2005-09-12, 2006-03-13, 2006-09-12, 2007-09-12",None,16421.0,0.0,ADNI4,keep,,,,,
Key ADNI tables merged into one table,ADNIMERGE,Age,AGE,,<class 'numpy.float64'>,None,"91.4, 50.4",16412.0,9.0,ADNI4,keep,,,,,
Key ADNI tables merged into one table,ADNIMERGE,Sex,PTGENDER,,<class 'str'>,"Male, Female",None,16421.0,0.0,ADNI4,keep,cofattore,,,,
Key ADNI tables merged into one table,ADNIMERGE,Education,PTEDUCAT,,<class 'numpy.int64'>,None,"20.0, 4.0",16421.0,0.0,ADNI4,keep,cofattore,,,,
Key ADNI tables merged into one table,ADNIMERGE,Ethnicity,PTETHCAT,,<class 'str'>,"Not Hisp/Latino, Hisp/Latino, Unknown",None,16421.0,0.0,ADNI4,keep,cofattore,,,,
Key ADNI tables merged into one table,ADNIMERGE,Ethnicity,PTRACCAT,,<class 'str'>,"White, More than one, Black, Asian, Am Indian/Alaskan, Unknown, Hawaiian/Other PI",None,16421.0,0.0,ADNI4,keep,cofattore,,,,
Key ADNI tables merged into one table,ADNIMERGE,Marry,PTMARRY,,<class 'str'>,"Married, Divorced, Widowed, Never married, Unknown, nan",None,16420.0,1.0,ADNI4,keep,cofattore,,,,
Key ADNI tables merged into one table,ADNIMERGE,APOE,APOE4,,<class 'numpy.float64'>,"0.0, 1.0, 2.0, nan","2.0, 0.0",16056.0,365.0,ADNI4,keep,cofattore,,,,
Key ADNI tables merged into one table,ADNIMERGE,CDR,CDRSB,,<class 'numpy.float64'>,None,"18.0, 0.0",11747.0,4674.0,ADNI4,keep,predittore,scala,,,
Key ADNI tables merged into one table,ADNIMERGE,ADAS,ADAS11,,<class 'numpy.float64'>,None,"70.0, 0.0",11431.0,4990.0,ADNI4,keep,predittore,scala,,,
Key ADNI tables merged into one table,ADNIMERGE,ADAS,ADAS13,,<class 'numpy.float64'>,None,"85.0, 0.0",11330.0,5091.0,ADNI4,keep,predittore,scala,,,
Key ADNI tables merged into one table,ADNIMERGE,MMSE,MMSE,,<class 'numpy.float64'>,None,"30.0, 0.0",11469.0,4952.0,ADNI4,keep,predittore,scala,,,
Key ADNI tables merged into one table,ADNIMERGE,RAVLT ,RAVLT_immediate,,<class 'numpy.float64'>,None,"75.0, 0.0",11346.0,5075.0,ADNI4,keep,predittore,scala,,,
Key ADNI tables merged into one table,ADNIMERGE,FAQ,FAQ,,<class 'numpy.float64'>,None,"30.0, 0.0",11743.0,4678.0,ADNI4,keep,predittore,scala,,,
Key ADNI tables merged into one table,ADNIMERGE,MOCA,MOCA,,<class 'numpy.float64'>,None,"30.0, 0.0",7426.0,8995.0,"ADNI1, ADNI4",drop,predittore,scala,,,
Key ADNI tables merged into one table,ADNIMERGE,Volume,FLDSTRENG,,<class 'str'>,"1.5 Tesla MRI, 3 Tesla MRI, nan",None,7659.0,8762.0,"ADNI3, ADNI4",drop,,,,,
Key ADNI tables merged into one table,ADNIMERGE,Volume,FSVERSION,,<class 'str'>,"Cross-Sectional FreeSurfer (FreeSurfer Version 4.3), Cross-Sectional FreeSurfer (5.1), nan, Cross-Sectional FreeSurfer (6.0)",None,10132.0,6289.0,ADNI4,drop,,,,,
Key ADNI tables merged into one table,ADNIMERGE,Volume,IMAGEUID,,<class 'numpy.float64'>,None,"1644018.0, 31863.0",10132.0,6289.0,ADNI4,drop,,,,,
Key ADNI tables merged into one table,ADNIMERGE,Volume,Ventricles,,<class 'numpy.float64'>,None,"162729.0, 5650.0",9468.0,6953.0,ADNI4,drop,predittore,volume,,,
Key ADNI tables merged into one table,ADNIMERGE,Volume,Hippocampus,,<class 'numpy.float64'>,None,"11207.0, 2219.0",8853.0,7568.0,ADNI4,drop,predittore,volume,,,
Key ADNI tables merged into one table,ADNIMERGE,Volume,Entorhinal,,<class 'numpy.float64'>,None,"7062.0, 976.0",8440.0,7981.0,ADNI4,drop,predittore,volume,,,
Key ADNI tables merged into one table,ADNIMERGE,Volume,Fusiform,,<class 'numpy.float64'>,None,"29950.0, 7739.0",8440.0,7981.0,ADNI4,drop,predittore,volume,,,
Key ADNI tables merged into one table,ADNIMERGE,Volume,MidTemp,,<class 'numpy.float64'>,None,"32324.0, 8044.0",8440.0,7981.0,ADNI4,drop,predittore,volume,,,
Key ADNI tables merged into one table,ADNIMERGE,Volume,ICV,,<class 'numpy.float64'>,None,"3500150.0, 708913.0",10115.0,6306.0,ADNI4,drop,predittore,volume,,,
Key ADNI tables merged into one table,ADNIMERGE,Diagnosi,DX,,<class 'str'>,"CN, Dementia, MCI, nan",None,11458.0,4963.0,ADNI4,keep,,,,,
ADSP Phenotype Harmonization Consortium (PHC) - Composite Biomarker Scores,ADSP_PHC_BIOMARKER,ID,RID,,<class 'numpy.int64'>,,"5296.0, 3.0",1247.0,0.0,"ADNI3, ADNI4",keep,,,,,
ADSP Phenotype Harmonization Consortium (PHC) - Composite Biomarker Scores,ADSP_PHC_BIOMARKER,Cohort,PHASE,,<class 'str'>,"ADNI1, ADNIGO, ADNI2",,1247.0,0.0,"ADNI3, ADNI4",keep,,,,,
ADSP Phenotype Harmonization Consortium (PHC) - Composite Biomarker Scores,ADSP_PHC_BIOMARKER,Visit,VISCODE2,,<class 'str'>,"m12, m60, m24, bl, m84, m48, m72, m36",,1247.0,0.0,"ADNI3, ADNI4",keep,,,,,
ADSP Phenotype Harmonization Consortium (PHC) - Composite Biomarker Scores,ADSP_PHC_BIOMARKER,Visit,DRAWDATE,,<class 'str'>,"2006-09-13, 2006-11-28, 2006-09-06, 2006-09-20, 2006-11-10",,1247.0,0.0,"ADNI3, ADNI4",keep,,,,,
ADSP Phenotype Harmonization Consortium (PHC) - Composite Biomarker Scores,ADSP_PHC_BIOMARKER,Education,PHC_Education,,<class 'numpy.int64'>,,"20.0, 4.0",1247.0,0.0,"ADNI3, ADNI4",keep,cofattore,,,,
ADSP Phenotype Harmonization Consortium (PHC) - Composite Biomarker Scores,ADSP_PHC_BIOMARKER,Ethnicity,PHC_Ethnicity,,<class 'numpy.float64'>,"2.0, 1.0, nan","2.0, 1.0",1240.0,7.0,"ADNI3, ADNI4",keep,cofattore,,,,
ADSP Phenotype Harmonization Consortium (PHC) - Composite Biomarker Scores,ADSP_PHC_BIOMARKER,Ethnicity,PHC_Race,,<class 'numpy.int64'>,"5, 3, 2, 6, 1, 4","6.0, 1.0",1247.0,0.0,"ADNI3, ADNI4",keep,cofattore,,,,
ADSP Phenotype Harmonization Consortium (PHC) - Composite Biomarker Scores,ADSP_PHC_BIOMARKER,Sex,PHC_Sex,,<class 'numpy.int64'>,"1, 2","2.0, 1.0",1247.0,0.0,"ADNI3, ADNI4",keep,cofattore,,,,
ADSP Phenotype Harmonization Consortium (PHC) - Composite Biomarker Scores,ADSP_PHC_BIOMARKER,Diagnosi,PHC_Diagnosis,,<class 'numpy.float64'>,"3.0, 2.0, 1.0, nan","3.0, 1.0",1245.0,2.0,"ADNI3, ADNI4",keep,,,,,
ADSP Phenotype Harmonization Consortium (PHC) - Composite Biomarker Scores,ADSP_PHC_BIOMARKER,Age,PHC_Age_Biomarker,,<class 'numpy.float64'>,,"95.76, 54.76",1247.0,0.0,"ADNI3, ADNI4",keep,,,,,
ADSP Phenotype Harmonization Consortium (PHC) - Composite Biomarker Scores,ADSP_PHC_BIOMARKER,Abeta,AB42_RAW,,<class 'numpy.float64'>,,"374.0, 75.3",1244.0,3.0,"ADNI3, ADNI4",keep,,,,,
ADSP Phenotype Harmonization Consortium (PHC) - Composite Biomarker Scores,ADSP_PHC_BIOMARKER,Abeta,PHC_AB42,,<class 'numpy.float64'>,,"2.62575583932457, -2.50491980032413",1244.0,3.0,"ADNI3, ADNI4",keep,,,,,
ADSP Phenotype Harmonization Consortium (PHC) - Composite Biomarker Scores,ADSP_PHC_BIOMARKER,Tau,Tau_RAW,,<class 'numpy.float64'>,,"330.0, 18.4",1214.0,33.0,"ADNI3, ADNI4",keep,,,,,
ADSP Phenotype Harmonization Consortium (PHC) - Composite Biomarker Scores,ADSP_PHC_BIOMARKER,Tau,PHC_Tau,,<class 'numpy.float64'>,,"2.66834693328626, -2.75390285653023",1214.0,33.0,"ADNI3, ADNI4",keep,,,,,
ADSP Phenotype Harmonization Consortium (PHC) - Composite Biomarker Scores,ADSP_PHC_BIOMARKER,Tau,pTau_RAW,,<class 'numpy.float64'>,,"170.0, 6.9",1240.0,7.0,"ADNI3, ADNI4",keep,,,,,
ADSP Phenotype Harmonization Consortium (PHC) - Composite Biomarker Scores,ADSP_PHC_BIOMARKER,Tau,PHC_pTau,,<class 'numpy.float64'>,,"2.95236525879149, -2.97667099545672",1240.0,7.0,"ADNI3, ADNI4",keep,,,,,
ADSP Phenotype Harmonization Consortium (PHC) - Composite Biomarker Scores,ADSP_PHC_BIOMARKER,ATN_profile,AT_class,,<class 'str'>,"A+T-, A-T-, A+T+, A-T+, nan",,1238.0,9.0,"ADNI3, ADNI4",keep,,,,,
ADSP Phenotype Harmonization Consortium (PHC) - Composite Biomarker Scores,ADSP_PHC_BIOMARKER,,Platform,,<class 'str'>,xMAP,,1247.0,0.0,"ADNI3, ADNI4",keep,,,,,
Participant Demographic Information,PTDEMOG,Cohort,PHASE,,<class 'str'>,"ADNI1, ADNIGO, ADNI2, ADNI3, ADNI4",,6167.0,0.0,,keep,,,,,
Participant Demographic Information,PTDEMOG,ID,RID,,<class 'numpy.int64'>,,"10898.0, 1.0",6167.0,0.0,,keep,,,,,
Participant Demographic Information,PTDEMOG,Visit,VISDATE,,<class 'str'>,"2005-08-17, 2005-08-18, 2005-08-23, 2005-08-25, 2005-08-26",,6158.0,9.0,,keep,,,,,
Participant Demographic Information,PTDEMOG,Sex,PTGENDER,,<class 'numpy.float64'>,"1.0, 2.0, -4.0, nan","2.0, -4.0",6039.0,128.0,,keep,cofattore,,,,
Participant Demographic Information,PTDEMOG,Marry,PTMARRY,,<class 'numpy.float64'>,"1.0, 2.0, 3.0, 4.0, 5.0, -4.0, nan, 6.0","6.0, -4.0",6153.0,14.0,,keep,cofattore,,,,
Participant Demographic Information,PTDEMOG,Education,PTEDUCAT,,<class 'numpy.float64'>,,"20.0, -4.0",6019.0,148.0,,keep,cofattore,,,,
Participant Demographic Information,PTDEMOG,Ethnicity,PTETHCAT,,<class 'numpy.float64'>,"2.0, -4.0, 1.0, 3.0, nan","3.0, -4.0",6039.0,128.0,,keep,cofattore,,,,
Participant Demographic Information,PTDEMOG,Ethnicity,PTRACCAT,,<class 'str'>,"5, -4, 6, 4, 2",,6038.0,129.0,,keep,cofattore,,,,
Participant Demographics,PTDEMOG,Visit,VISCODE2,,<class 'str'>,"sc, f, m06, bl, m12",,6164.0,3.0,,keep,,,,,
Mini Mental State Exam,MMSE,Cohort,PHASE,,<class 'str'>,"ADNI1, ADNIGO, ADNI2, ADNI3, ADNI4",,14480.0,0.0,,keep,,,,,
Mini Mental State Exam,MMSE,ID,RID,,<class 'numpy.int64'>,,"10898.0, 1.0",14480.0,0.0,,keep,,,,,
Mini Mental State Exam,MMSE,Visit,VISDATE,,<class 'str'>,"2005-08-17, 2005-08-18, 2005-08-23, 2005-08-26, 2005-08-25",,14463.0,17.0,,keep,,,,,
Mini Mental State Exam,MMSE,MMSE,MMSCORE,,<class 'numpy.float64'>,,"30.0, -1.0",14338.0,142.0,,keep,predittore,scala,,,
Mini Mental State Exam,MMSE,Visit,VISCODE2,,<class 'str'>,"sc, f, m06, m12, m18",,14462.0,18.0,,keep,,,,,
Diagnostic Summary,DXSUM,Cohort,PHASE,,<class 'str'>,"ADNI1, ADNIGO, ADNI2, ADNI3, ADNI4",,15504.0,0.0,,keep,,,,,
Diagnostic Summary,DXSUM,ID,RID,,<class 'numpy.int64'>,,"10898.0, 2.0",15504.0,0.0,,keep,,,,,
Diagnostic Summary,DXSUM,Visit,EXAMDATE,,<class 'str'>,"2005-09-29, 2005-09-30, 2005-10-06, 2005-10-18, 2005-10-20",,15401.0,103.0,,keep,,,,,
Diagnostic Summary,DXSUM,Diagnosi,DIAGNOSIS,,<class 'numpy.float64'>,"1.0, 3.0, 2.0, nan","3.0, 1.0",15462.0,42.0,,keep,,,,,
UCSF - ADNI-1 3T Cross-Sectional FreeSurfer (5.1) [ADNI1],UCSFFSX51_ADNI1_3T,ID,RID,,<class 'numpy.int64'>,None,"1387.0, 15.0",484.0,0.0,pop not found,keep,,,,,
UCSF - ADNI-1 3T Cross-Sectional FreeSurfer (5.1) [ADNI1],UCSFFSX51_ADNI1_3T,Visit,VISCODE,,<class 'str'>,"m36, m06, m24, m12, bl, m18",None,484.0,0.0,pop not found,keep,,,,,
UCSF - ADNI-1 3T Cross-Sectional FreeSurfer (5.1) [ADNI1],UCSFFSX51_ADNI1_3T,Visit,EXAMDATE,,<class 'str'>,"2009-04-27, 2006-05-02, 2007-10-11, 2006-10-16, 2005-10-31",None,484.0,0.0,pop not found,keep,,,,,
UCSF - ADNI-1 3T Cross-Sectional FreeSurfer (5.1) [ADNI1],UCSFFSX51_ADNI1_3T,Other,IMAGEUID,,<class 'numpy.int64'>,None,"205567.0, 32755.0",484.0,0.0,pop not found,keep,,,,,
UCSF - ADNI-1 3T Cross-Sectional FreeSurfer (5.1) [ADNI1],UCSFFSX51_ADNI1_3T,Other,OVERALLQC,,<class 'str'>,"Pass, Partial, Fail, Hippocampus Only",None,484.0,0.0,pop not found,keep,,,,,
UCSF - ADNI-1 3T Cross-Sectional FreeSurfer (5.1) [ADNI1],UCSFFSX51_ADNI1_3T,Other,TEMPQC,,<class 'str'>,"Pass, Fail",None,484.0,0.0,pop not found,keep,,,,,
UCSF - ADNI-1 3T Cross-Sectional FreeSurfer (5.1) [ADNI1],UCSFFSX51_ADNI1_3T,Other,VENTQC,,<class 'str'>,"Pass, Fail",None,484.0,0.0,pop not found,keep,,,,,
UCSF - ADNI-1 3T Cross-Sectional FreeSurfer (5.1) [ADNI1],UCSFFSX51_ADNI1_3T,Other,STATUS,,<class 'str'>,partial,None,484.0,0.0,pop not found,keep,,,,,
UCSF - ADNI-1 3T Cross-Sectional FreeSurfer (5.1) [ADNI1],UCSFFSX51_ADNI1_3T,Volume,ST37SV,mm3,<class 'numpy.int64'>,None,"83251.0, 3549.0",484.0,0.0,pop not found,keep,predittore,volume,,,
UCSF - ADNI-1 3T Cross-Sectional FreeSurfer (5.1) [ADNI1],UCSFFSX51_ADNI1_3T,Volume,ST10CV,mm3,<class 'numpy.int64'>,None,"2062120.0, 1192530.0",484.0,0.0,pop not found,keep,predittore,volume,,,
UCSF - ADNI-1 3T Cross-Sectional FreeSurfer (5.1) [ADNI1],UCSFFSX51_ADNI1_3T,Volume,ST24CV,mm3,<class 'numpy.int64'>,None,"3077.0, 304.0",484.0,0.0,pop not found,keep,predittore,volume,,,
UCSF - ADNI-1 3T Cross-Sectional FreeSurfer (5.1) [ADNI1],UCSFFSX51_ADNI1_3T,Volume,ST26CV,mm3,<class 'numpy.int64'>,None,"13598.0, 4667.0",484.0,0.0,pop not found,keep,predittore,volume,,,
UCSF - ADNI-1 3T Cross-Sectional FreeSurfer (5.1) [ADNI1],UCSFFSX51_ADNI1_3T,Volume,ST29SV,mm3,<class 'numpy.int64'>,None,"4641.0, 1517.0",484.0,0.0,pop not found,keep,predittore,volume,,,
UCSF - ADNI-1 3T Cross-Sectional FreeSurfer (5.1) [ADNI1],UCSFFSX51_ADNI1_3T,Volume,ST40CV,mm3,<class 'numpy.int64'>,None,"13107.0, 4857.0",484.0,0.0,pop not found,keep,predittore,volume,,,
UCSF - ADNI-1 3T Cross-Sectional FreeSurfer (5.1) [ADNI1],UCSFFSX51_ADNI1_3T,Volume,ST96SV,mm3,<class 'numpy.int64'>,None,"61548.0, 3695.0",484.0,0.0,pop not found,keep,predittore,volume,,,
UCSF - ADNI-1 3T Cross-Sectional FreeSurfer (5.1) [ADNI1],UCSFFSX51_ADNI1_3T,Volume,ST83CV,mm3,<class 'numpy.int64'>,None,"2887.0, 457.0",484.0,0.0,pop not found,keep,predittore,volume,,,
UCSF - ADNI-1 3T Cross-Sectional FreeSurfer (5.1) [ADNI1],UCSFFSX51_ADNI1_3T,Volume,ST85CV,mm3,<class 'numpy.int64'>,None,"12136.0, 5297.0",484.0,0.0,pop not found,keep,predittore,volume,,,
UCSF - ADNI-1 3T Cross-Sectional FreeSurfer (5.1) [ADNI1],UCSFFSX51_ADNI1_3T,Volume,ST88SV,mm3,<class 'numpy.int64'>,None,"4603.0, 1690.0",484.0,0.0,pop not found,keep,predittore,volume,,,
UCSF - ADNI-1 3T Cross-Sectional FreeSurfer (5.1) [ADNI1],UCSFFSX51_ADNI1_3T,Volume,ST99CV,mm3,<class 'numpy.int64'>,None,"14974.0, 5596.0",484.0,0.0,pop not found,keep,predittore,volume,,,
"UCSF - Cross-Sectional FreeSurfer (5.1) [ADNI1,GO,2]",UCSFFSX51,ID,RID,,<class 'numpy.int64'>,None,"5296.0, 21.0",4896.0,0.0,"ADNI3, ADNI4",keep,,,,,
"UCSF - Cross-Sectional FreeSurfer (5.1) [ADNI1,GO,2]",UCSFFSX51,Cohort,COLPROT,,<class 'str'>,"ADNI2, ADNIGO, ADNI1, nv",None,4896.0,0.0,"ADNI3, ADNI4",keep,,,,,
"UCSF - Cross-Sectional FreeSurfer (5.1) [ADNI1,GO,2]",UCSFFSX51,Visit,VISCODE2,,<class 'str'>,"m84, m60, m72, m96, m120",None,4896.0,0.0,"ADNI3, ADNI4",keep,,,,,
"UCSF - Cross-Sectional FreeSurfer (5.1) [ADNI1,GO,2]",UCSFFSX51,Visit,EXAMDATE,,<class 'str'>,"2012-10-04, 2010-10-08, 2011-10-13, 2013-10-17, 2015-11-03",None,4896.0,0.0,"ADNI3, ADNI4",keep,,,,,
"UCSF - Cross-Sectional FreeSurfer (5.1) [ADNI1,GO,2]",UCSFFSX51,Other,IMAGEUID,,<class 'numpy.int64'>,None,"1051225.0, 221959.0",4896.0,0.0,"ADNI3, ADNI4",keep,,,,,
"UCSF - Cross-Sectional FreeSurfer (5.1) [ADNI1,GO,2]",UCSFFSX51,Other,OVERALLQC,,<class 'str'>,"Pass, Partial, Fail, Hippocampus Only, nan",None,4800.0,96.0,"ADNI3, ADNI4",keep,,,,,
"UCSF - Cross-Sectional FreeSurfer (5.1) [ADNI1,GO,2]",UCSFFSX51,Other,TEMPQC,,<class 'str'>,"Pass, Fail, nan",None,4800.0,96.0,"ADNI3, ADNI4",keep,,,,,
"UCSF - Cross-Sectional FreeSurfer (5.1) [ADNI1,GO,2]",UCSFFSX51,Other,VENTQC,,<class 'str'>,"Pass, Fail, nan",None,4800.0,96.0,"ADNI3, ADNI4",keep,,,,,
"UCSF - Cross-Sectional FreeSurfer (5.1) [ADNI1,GO,2]",UCSFFSX51,Other,RHIPQC,,<class 'str'>,"Pass, nan, Fail",None,2939.0,1957.0,"ADNI3, ADNI4",drop,,,,,
"UCSF - Cross-Sectional FreeSurfer (5.1) [ADNI1,GO,2]",UCSFFSX51,Other,LHIPQC,,<class 'str'>,"Pass, nan, Fail",None,2939.0,1957.0,"ADNI3, ADNI4",drop,,,,,
"UCSF - Cross-Sectional FreeSurfer (5.1) [ADNI1,GO,2]",UCSFFSX51,Other,STATUS,,<class 'str'>,"complete, partial",None,4896.0,0.0,"ADNI3, ADNI4",keep,,,,,
"UCSF - Cross-Sectional FreeSurfer (5.1) [ADNI1,GO,2]",UCSFFSX51,Volume,ST37SV,mm3,<class 'numpy.int64'>,None,"75680.0, 2726.0",4896.0,0.0,"ADNI3, ADNI4",keep,predittore,volume,,,
"UCSF - Cross-Sectional FreeSurfer (5.1) [ADNI1,GO,2]",UCSFFSX51,Volume,ST10CV,mm3,<class 'numpy.float64'>,None,"2108790.0, 708913.0",4895.0,1.0,"ADNI3, ADNI4",keep,predittore,volume,,,
"UCSF - Cross-Sectional FreeSurfer (5.1) [ADNI1,GO,2]",UCSFFSX51,Volume,ST24CV,mm3,<class 'numpy.float64'>,None,"4239.0, 34.0",4895.0,1.0,"ADNI3, ADNI4",keep,predittore,volume,,,
"UCSF - Cross-Sectional FreeSurfer (5.1) [ADNI1,GO,2]",UCSFFSX51,Volume,ST26CV,mm3,<class 'numpy.int64'>,None,"15382.0, 2154.0",4896.0,0.0,"ADNI3, ADNI4",keep,predittore,volume,,,
"UCSF - Cross-Sectional FreeSurfer (5.1) [ADNI1,GO,2]",UCSFFSX51,Volume,ST29SV,mm3,<class 'numpy.int64'>,None,"5991.0, 783.0",4896.0,0.0,"ADNI3, ADNI4",keep,predittore,volume,,,
"UCSF - Cross-Sectional FreeSurfer (5.1) [ADNI1,GO,2]",UCSFFSX51,Volume,ST40CV,mm3,<class 'numpy.int64'>,None,"15187.0, 3747.0",4896.0,0.0,"ADNI3, ADNI4",keep,predittore,volume,,,
"UCSF - Cross-Sectional FreeSurfer (5.1) [ADNI1,GO,2]",UCSFFSX51,Volume,ST96SV,mm3,<class 'numpy.int64'>,None,"66551.0, 2003.0",4896.0,0.0,"ADNI3, ADNI4",keep,predittore,volume,,,
"UCSF - Cross-Sectional FreeSurfer (5.1) [ADNI1,GO,2]",UCSFFSX51,Volume,ST83CV,mm3,<class 'numpy.int64'>,None,"3602.0, 275.0",4896.0,0.0,"ADNI3, ADNI4",keep,predittore,volume,,,
"UCSF - Cross-Sectional FreeSurfer (5.1) [ADNI1,GO,2]",UCSFFSX51,Volume,ST85CV,mm3,<class 'numpy.int64'>,None,"17226.0, 3953.0",4896.0,0.0,"ADNI3, ADNI4",keep,predittore,volume,,,
"UCSF - Cross-Sectional FreeSurfer (5.1) [ADNI1,GO,2]",UCSFFSX51,Volume,ST88SV,mm3,<class 'numpy.int64'>,None,"5806.0, 1262.0",4896.0,0.0,"ADNI3, ADNI4",keep,predittore,volume,,,
"UCSF - Cross-Sectional FreeSurfer (5.1) [ADNI1,GO,2]",UCSFFSX51,Volume,ST99CV,mm3,<class 'numpy.int64'>,None,"17046.0, 4231.0",4896.0,0.0,"ADNI3, ADNI4",keep,predittore,volume,,,
UCSF - Cross-Sectional FreeSurfer (6.0) [ADNI3],UCSFFSX6,ID,RID,,<class 'numpy.int64'>,None,"7123.0, 21.0",2256.0,0.0,"ADNI1, ADNIGO, ADNI2, ADNI4",keep,,,,,
UCSF - Cross-Sectional FreeSurfer (6.0) [ADNI3],UCSFFSX6,Cohort,PHASE,,<class 'str'>,ADNI3,None,2256.0,0.0,"ADNI1, ADNIGO, ADNI2, ADNI4",keep,,,,,
UCSF - Cross-Sectional FreeSurfer (6.0) [ADNI3],UCSFFSX6,Visit,VISCODE2,,<class 'str'>,"m84, m60, m48, m12, m24",None,2254.0,2.0,"ADNI1, ADNIGO, ADNI2, ADNI4",keep,,,,,
UCSF - Cross-Sectional FreeSurfer (6.0) [ADNI3],UCSFFSX6,Visit,EXAMDATE,,<class 'str'>,"2018-11-12, 2017-05-03, 2017-08-07, 2018-04-18, 2019-11-11",None,2256.0,0.0,"ADNI1, ADNIGO, ADNI2, ADNI4",keep,,,,,
UCSF - Cross-Sectional FreeSurfer (6.0) [ADNI3],UCSFFSX6,Other,IMAGEUID,,<class 'numpy.int64'>,None,"10298187.0, 808819.0",2256.0,0.0,"ADNI1, ADNIGO, ADNI2, ADNI4",keep,,,,,
UCSF - Cross-Sectional FreeSurfer (6.0) [ADNI3],UCSFFSX6,Other,OVERALLQC,,<class 'str'>,"Pass, Partial, nan, Fail, Hippocampus Only",None,2238.0,18.0,"ADNI1, ADNIGO, ADNI2, ADNI4",keep,,,,,
UCSF - Cross-Sectional FreeSurfer (6.0) [ADNI3],UCSFFSX6,Other,TEMPQC,,<class 'str'>,"Pass, Fail, nan",None,2238.0,18.0,"ADNI1, ADNIGO, ADNI2, ADNI4",keep,,,,,
UCSF - Cross-Sectional FreeSurfer (6.0) [ADNI3],UCSFFSX6,Other,VENTQC,,<class 'str'>,"Pass, Fail, nan",None,2238.0,18.0,"ADNI1, ADNIGO, ADNI2, ADNI4",keep,,,,,
UCSF - Cross-Sectional FreeSurfer (6.0) [ADNI3],UCSFFSX6,Other,HIPPOQC,,<class 'str'>,"Pass, Fail, nan",None,2238.0,18.0,"ADNI1, ADNIGO, ADNI2, ADNI4",keep,,,,,
UCSF - Cross-Sectional FreeSurfer (6.0) [ADNI3],UCSFFSX6,Other,STATUS,,<class 'str'>,"complete, partial",None,2256.0,0.0,"ADNI1, ADNIGO, ADNI2, ADNI4",keep,,,,,
UCSF - Cross-Sectional FreeSurfer (6.0) [ADNI3],UCSFFSX6,Volume,ST37SV,mm3,<class 'numpy.float64'>,None,"75124.4, 3756.3",2154.0,102.0,"ADNI1, ADNIGO, ADNI2, ADNI4",keep,predittore,volume,,,
UCSF - Cross-Sectional FreeSurfer (6.0) [ADNI3],UCSFFSX6,Volume,ST10CV,mm3,<class 'numpy.float64'>,None,"3500154.120931, 655448.760866",2240.0,16.0,"ADNI1, ADNIGO, ADNI2, ADNI4",keep,predittore,volume,,,
UCSF - Cross-Sectional FreeSurfer (6.0) [ADNI3],UCSFFSX6,Volume,ST24CV,mm3,<class 'numpy.float64'>,None,"4052.0, 351.0",1965.0,291.0,"ADNI1, ADNIGO, ADNI2, ADNI4",keep,predittore,volume,,,
UCSF - Cross-Sectional FreeSurfer (6.0) [ADNI3],UCSFFSX6,Volume,ST26CV,mm3,<class 'numpy.float64'>,None,"14409.0, 4101.0",1826.0,430.0,"ADNI1, ADNIGO, ADNI2, ADNI4",keep,predittore,volume,,,
UCSF - Cross-Sectional FreeSurfer (6.0) [ADNI3],UCSFFSX6,Volume,ST29SV,mm3,<class 'numpy.float64'>,None,"5293.0, 970.7",1972.0,284.0,"ADNI1, ADNIGO, ADNI2, ADNI4",keep,predittore,volume,,,
UCSF - Cross-Sectional FreeSurfer (6.0) [ADNI3],UCSFFSX6,Volume,ST40CV,mm3,<class 'numpy.float64'>,None,"14853.0, 3228.0",2058.0,198.0,"ADNI1, ADNIGO, ADNI2, ADNI4",keep,predittore,volume,,,
UCSF - Cross-Sectional FreeSurfer (6.0) [ADNI3],UCSFFSX6,Volume,ST96SV,mm3,<class 'numpy.float64'>,None,"75143.8, 3423.0",2154.0,102.0,"ADNI1, ADNIGO, ADNI2, ADNI4",keep,predittore,volume,,,
UCSF - Cross-Sectional FreeSurfer (6.0) [ADNI3],UCSFFSX6,Volume,ST83CV,mm3,<class 'numpy.float64'>,None,"4119.0, 403.0",1965.0,291.0,"ADNI1, ADNIGO, ADNI2, ADNI4",keep,predittore,volume,,,
UCSF - Cross-Sectional FreeSurfer (6.0) [ADNI3],UCSFFSX6,Volume,ST85CV,mm3,<class 'numpy.float64'>,None,"13646.0, 3594.0",1826.0,430.0,"ADNI1, ADNIGO, ADNI2, ADNI4",keep,predittore,volume,,,
UCSF - Cross-Sectional FreeSurfer (6.0) [ADNI3],UCSFFSX6,Volume,ST88SV,mm3,<class 'numpy.float64'>,None,"5461.8, 1618.0",1972.0,284.0,"ADNI1, ADNIGO, ADNI2, ADNI4",keep,predittore,volume,,,
UCSF - Cross-Sectional FreeSurfer (6.0) [ADNI3],UCSFFSX6,Volume,ST99CV,mm3,<class 'numpy.float64'>,None,"17471.0, 3999.0",2058.0,198.0,"ADNI1, ADNIGO, ADNI2, ADNI4",keep,predittore,volume,,,
"UCSF - Cross-Sectional FreeSurfer (7.x) [ADNI1,GO,2,3,4]",UCSFFSX7,ID,RID,,<class 'numpy.int64'>,None,"10849.0, 2.0",11944.0,0.0,,keep,,,,,
"UCSF - Cross-Sectional FreeSurfer (7.x) [ADNI1,GO,2,3,4]",UCSFFSX7,Cohort,PHASE,,<class 'str'>,"ADNI3, ADNI2, ADNI4, ADNIGO, ADNI1",None,11944.0,0.0,,keep,,,,,
"UCSF - Cross-Sectional FreeSurfer (7.x) [ADNI1,GO,2,3,4]",UCSFFSX7,Visit,VISCODE2,,<class 'str'>,"m72, scmri, m12, m36, m03",None,11941.0,3.0,,keep,,,,,
"UCSF - Cross-Sectional FreeSurfer (7.x) [ADNI1,GO,2,3,4]",UCSFFSX7,Visit,EXAMDATE,,<class 'str'>,"2017-08-14, 2012-01-18, 2012-07-11, 2014-03-03, 2012-02-27",None,11944.0,0.0,,keep,,,,,
"UCSF - Cross-Sectional FreeSurfer (7.x) [ADNI1,GO,2,3,4]",UCSFFSX7,Other,IMAGEUID,,<class 'numpy.int64'>,None,"11332639.0, 31863.0",11944.0,0.0,,keep,,,,,
"UCSF - Cross-Sectional FreeSurfer (7.x) [ADNI1,GO,2,3,4]",UCSFFSX7,Other,FIELD_STRENGTH,,<class 'str'>,"3T, 1.5T",None,11944.0,0.0,,keep,,,,,
"UCSF - Cross-Sectional FreeSurfer (7.x) [ADNI1,GO,2,3,4]",UCSFFSX7,Other,FSVER,,<class 'str'>,"7.2.0, 7.4.1",None,11944.0,0.0,,keep,,,,,
"UCSF - Cross-Sectional FreeSurfer (7.x) [ADNI1,GO,2,3,4]",UCSFFSX7,Other,OVERALLQC,,<class 'str'>,"nan, Partial, Pass, Hippocampus Only, Fail",None,853.0,11091.0,"ADNI1, ADNIGO, ADNI2, ADNI3",drop,,,,,
"UCSF - Cross-Sectional FreeSurfer (7.x) [ADNI1,GO,2,3,4]",UCSFFSX7,Other,TEMPQC,,<class 'str'>,"nan, Fail, Pass",None,853.0,11091.0,"ADNI1, ADNIGO, ADNI2, ADNI3",drop,,,,,
"UCSF - Cross-Sectional FreeSurfer (7.x) [ADNI1,GO,2,3,4]",UCSFFSX7,Other,VENTQC,,<class 'str'>,"nan, Pass, Fail",None,853.0,11091.0,"ADNI1, ADNIGO, ADNI2, ADNI3",drop,,,,,
"UCSF - Cross-Sectional FreeSurfer (7.x) [ADNI1,GO,2,3,4]",UCSFFSX7,Other,HIPPOQC,,<class 'str'>,"nan, Pass, Fail",None,853.0,11091.0,"ADNI1, ADNIGO, ADNI2, ADNI3",drop,,,,,
"UCSF - Cross-Sectional FreeSurfer (7.x) [ADNI1,GO,2,3,4]",UCSFFSX7,Other,STATUS,,<class 'str'>,"partial, complete",None,11944.0,0.0,,keep,,,,,
"UCSF - Cross-Sectional FreeSurfer (7.x) [ADNI1,GO,2,3,4]",UCSFFSX7,Volume,ST37SV,mm3,<class 'numpy.float64'>,None,"94302.7, 3381.6",11924.0,20.0,,keep,predittore,volume,,,
"UCSF - Cross-Sectional FreeSurfer (7.x) [ADNI1,GO,2,3,4]",UCSFFSX7,Volume,ST10CV,mm3,<class 'numpy.float64'>,None,"5158451.282703, 427249.652055",11940.0,4.0,,keep,predittore,volume,,,
"UCSF - Cross-Sectional FreeSurfer (7.x) [ADNI1,GO,2,3,4]",UCSFFSX7,Volume,ST24CV,mm3,<class 'numpy.float64'>,None,"4404.0, 2.0",11814.0,130.0,,keep,predittore,volume,,,
"UCSF - Cross-Sectional FreeSurfer (7.x) [ADNI1,GO,2,3,4]",UCSFFSX7,Volume,ST26CV,mm3,<class 'numpy.float64'>,None,"14289.0, 2532.0",11662.0,282.0,,keep,predittore,volume,,,
"UCSF - Cross-Sectional FreeSurfer (7.x) [ADNI1,GO,2,3,4]",UCSFFSX7,Volume,ST29SV,mm3,<class 'numpy.float64'>,None,"5684.6, 1188.7",11825.0,119.0,,keep,predittore,volume,,,
"UCSF - Cross-Sectional FreeSurfer (7.x) [ADNI1,GO,2,3,4]",UCSFFSX7,Volume,ST40CV,mm3,<class 'numpy.float64'>,None,"15598.0, 3093.0",11738.0,206.0,,keep,predittore,volume,,,
"UCSF - Cross-Sectional FreeSurfer (7.x) [ADNI1,GO,2,3,4]",UCSFFSX7,Volume,ST96SV,mm3,<class 'numpy.float64'>,None,"77644.3, 1834.5",11924.0,20.0,,keep,predittore,volume,,,
"UCSF - Cross-Sectional FreeSurfer (7.x) [ADNI1,GO,2,3,4]",UCSFFSX7,Volume,ST83CV,mm3,<class 'numpy.float64'>,None,"4322.0, 308.0",11819.0,125.0,,keep,predittore,volume,,,
"UCSF - Cross-Sectional FreeSurfer (7.x) [ADNI1,GO,2,3,4]",UCSFFSX7,Volume,ST85CV,mm3,<class 'numpy.float64'>,None,"13378.0, 3498.0",11662.0,282.0,,keep,predittore,volume,,,
"UCSF - Cross-Sectional FreeSurfer (7.x) [ADNI1,GO,2,3,4]",UCSFFSX7,Volume,ST88SV,mm3,<class 'numpy.float64'>,None,"5567.9, 1047.6",11825.0,119.0,,keep,predittore,volume,,,
"UCSF - Cross-Sectional FreeSurfer (7.x) [ADNI1,GO,2,3,4]",UCSFFSX7,Volume,ST99CV,mm3,<class 'numpy.float64'>,None,"17074.0, 3468.0",11738.0,206.0,,keep,predittore,volume,,,
"UCSF - Cross-Sectional FreeSurfer (FreeSurfer Version 4.3) [ADNI1,GO,2]",UCSFFSX,ID,RID,,<class 'numpy.int64'>,None,"1435.0, 2.0",4486.0,0.0,pop not found,keep,,,,,
"UCSF - Cross-Sectional FreeSurfer (FreeSurfer Version 4.3) [ADNI1,GO,2]",UCSFFSX,Visit,VISCODE,,<class 'str'>,"sc, m06, m12, m24, m18",None,4204.0,282.0,pop not found,keep,,,,,
"UCSF - Cross-Sectional FreeSurfer (FreeSurfer Version 4.3) [ADNI1,GO,2]",UCSFFSX,Visit,EXAMDATE,,<class 'str'>,"2005-08-26, 2005-09-01, 2006-03-13, 2006-09-12, 2007-09-12",None,4486.0,0.0,pop not found,keep,,,,,
"UCSF - Cross-Sectional FreeSurfer (FreeSurfer Version 4.3) [ADNI1,GO,2]",UCSFFSX,Other,FLDSTRENG,,<class 'numpy.float64'>,"1.5, nan","1.5, 1.5",4203.0,283.0,pop not found,keep,,,,,
"UCSF - Cross-Sectional FreeSurfer (FreeSurfer Version 4.3) [ADNI1,GO,2]",UCSFFSX,Other,IMAGEUID,,<class 'numpy.int64'>,None,"488736.0, 31863.0",4486.0,0.0,pop not found,keep,,,,,
"UCSF - Cross-Sectional FreeSurfer (FreeSurfer Version 4.3) [ADNI1,GO,2]",UCSFFSX,Other,OVERALLQC,,<class 'str'>,"Pass, Partial, Hippocampus Only, Fail, nan",None,4485.0,1.0,pop not found,keep,,,,,
"UCSF - Cross-Sectional FreeSurfer (FreeSurfer Version 4.3) [ADNI1,GO,2]",UCSFFSX,Other,TEMPQC,,<class 'str'>,"Pass, Fail, nan",None,4485.0,1.0,pop not found,keep,,,,,
"UCSF - Cross-Sectional FreeSurfer (FreeSurfer Version 4.3) [ADNI1,GO,2]",UCSFFSX,Other,VENTQC,,<class 'str'>,"Pass, Fail, nan",None,4485.0,1.0,pop not found,keep,,,,,
"UCSF - Cross-Sectional FreeSurfer (FreeSurfer Version 4.3) [ADNI1,GO,2]",UCSFFSX,Other,STATUS,,<class 'str'>,"complete, partial",None,4486.0,0.0,pop not found,keep,,,,,
"UCSF - Cross-Sectional FreeSurfer (FreeSurfer Version 4.3) [ADNI1,GO,2]",UCSFFSX,Volume,ST37SV,mm3,<class 'numpy.int64'>,None,"87716.0, 3111.0",4486.0,0.0,pop not found,keep,predittore,volume,,,
"UCSF - Cross-Sectional FreeSurfer (FreeSurfer Version 4.3) [ADNI1,GO,2]",UCSFFSX,Volume,ST10CV,mm3,<class 'numpy.int64'>,None,"2110290.0, 843290.0",4486.0,0.0,pop not found,keep,predittore,volume,,,
"UCSF - Cross-Sectional FreeSurfer (FreeSurfer Version 4.3) [ADNI1,GO,2]",UCSFFSX,Volume,ST24CV,mm3,<class 'numpy.int64'>,None,"3705.0, 266.0",4486.0,0.0,pop not found,keep,predittore,volume,,,
"UCSF - Cross-Sectional FreeSurfer (FreeSurfer Version 4.3) [ADNI1,GO,2]",UCSFFSX,Volume,ST26CV,mm3,<class 'numpy.int64'>,None,"12710.0, 2600.0",4486.0,0.0,pop not found,keep,predittore,volume,,,
"UCSF - Cross-Sectional FreeSurfer (FreeSurfer Version 4.3) [ADNI1,GO,2]",UCSFFSX,Volume,ST29SV,mm3,<class 'numpy.int64'>,None,"5468.0, 1217.0",4486.0,0.0,pop not found,keep,predittore,volume,,,
"UCSF - Cross-Sectional FreeSurfer (FreeSurfer Version 4.3) [ADNI1,GO,2]",UCSFFSX,Volume,ST40CV,mm3,<class 'numpy.int64'>,None,"15462.0, 1958.0",4486.0,0.0,pop not found,keep,predittore,volume,,,
"UCSF - Cross-Sectional FreeSurfer (FreeSurfer Version 4.3) [ADNI1,GO,2]",UCSFFSX,Volume,ST96SV,mm3,<class 'numpy.int64'>,None,"72924.0, 2320.0",4486.0,0.0,pop not found,keep,predittore,volume,,,
"UCSF - Cross-Sectional FreeSurfer (FreeSurfer Version 4.3) [ADNI1,GO,2]",UCSFFSX,Volume,ST83CV,mm3,<class 'numpy.int64'>,None,"3955.0, 402.0",4486.0,0.0,pop not found,keep,predittore,volume,,,
"UCSF - Cross-Sectional FreeSurfer (FreeSurfer Version 4.3) [ADNI1,GO,2]",UCSFFSX,Volume,ST85CV,mm3,<class 'numpy.int64'>,None,"13203.0, 2856.0",4486.0,0.0,pop not found,keep,predittore,volume,,,
"UCSF - Cross-Sectional FreeSurfer (FreeSurfer Version 4.3) [ADNI1,GO,2]",UCSFFSX,Volume,ST88SV,mm3,<class 'numpy.int64'>,None,"5818.0, 734.0",4486.0,0.0,pop not found,keep,predittore,volume,,,
"UCSF - Cross-Sectional FreeSurfer (FreeSurfer Version 4.3) [ADNI1,GO,2]",UCSFFSX,Volume,ST99CV,mm3,<class 'numpy.int64'>,None,"15683.0, 2378.0",4486.0,0.0,pop not found,keep,predittore,volume,,,
"UCSF - Longitudinal FreeSurfer (5.1) - All Available Base Image [ADNIGO,2]",UCSFFSL51ALL,ID,RID,,<class 'numpy.int64'>,None,"5292.0, 21.0",2009.0,0.0,"ADNI1, ADNI3, ADNI4",keep,,,,,
"UCSF - Longitudinal FreeSurfer (5.1) - All Available Base Image [ADNIGO,2]",UCSFFSL51ALL,Visit,VISCODE2,,<class 'str'>,"m60, m72, m84, m96, m120",None,2009.0,0.0,"ADNI1, ADNI3, ADNI4",keep,,,,,
"UCSF - Longitudinal FreeSurfer (5.1) - All Available Base Image [ADNIGO,2]",UCSFFSL51ALL,Visit,EXAMDATE,,<class 'str'>,"2010-10-08, 2011-10-13, 2012-10-04, 2013-10-17, 2015-11-03",None,2009.0,0.0,"ADNI1, ADNI3, ADNI4",keep,,,,,
"UCSF - Longitudinal FreeSurfer (5.1) - All Available Base Image [ADNIGO,2]",UCSFFSL51ALL,Cohort,COLPROT,,<class 'str'>,"ADNIGO, ADNI2, nv",None,2009.0,0.0,"ADNI1, ADNI3, ADNI4",keep,,,,,
"UCSF - Longitudinal FreeSurfer (5.1) - All Available Base Image [ADNIGO,2]",UCSFFSL51ALL,Other,IMAGEUID,,<class 'numpy.int64'>,None,"666345.0, 221959.0",2009.0,0.0,"ADNI1, ADNI3, ADNI4",keep,,,,,
"UCSF - Longitudinal FreeSurfer (5.1) - All Available Base Image [ADNIGO,2]",UCSFFSL51ALL,Other,OVERALLQC,,<class 'str'>,"nan, Pass, Partial, Fail",None,461.0,1548.0,"ADNI1, ADNI3, ADNI4",drop,,,,,
"UCSF - Longitudinal FreeSurfer (5.1) - All Available Base Image [ADNIGO,2]",UCSFFSL51ALL,Other,TEMPQC,,<class 'str'>,"nan, Pass, Fail",None,461.0,1548.0,"ADNI1, ADNI3, ADNI4",drop,,,,,
"UCSF - Longitudinal FreeSurfer (5.1) - All Available Base Image [ADNIGO,2]",UCSFFSL51ALL,Other,VENTQC,,<class 'str'>,"nan, Pass, Fail",None,461.0,1548.0,"ADNI1, ADNI3, ADNI4",drop,,,,,
"UCSF - Longitudinal FreeSurfer (5.1) - All Available Base Image [ADNIGO,2]",UCSFFSL51ALL,Other,RHIPQC,,None,None,None,0.0,2009.0,"ADNI1, ADNIGO, ADNI2, ADNI3, ADNI4",drop,,,,,
"UCSF - Longitudinal FreeSurfer (5.1) - All Available Base Image [ADNIGO,2]",UCSFFSL51ALL,Other,LHIPQC,,None,None,None,0.0,2009.0,"ADNI1, ADNIGO, ADNI2, ADNI3, ADNI4",drop,,,,,
"UCSF - Longitudinal FreeSurfer (5.1) - All Available Base Image [ADNIGO,2]",UCSFFSL51ALL,Other,STATUS,,<class 'str'>,partial,None,2009.0,0.0,"ADNI1, ADNI3, ADNI4",keep,,,,,
"UCSF - Longitudinal FreeSurfer (5.1) - All Available Base Image [ADNIGO,2]",UCSFFSL51ALL,Volume,ST37SV,mm3,<class 'numpy.int64'>,None,"64046.0, 3308.0",2009.0,0.0,"ADNI1, ADNI3, ADNI4",keep,predittore,volume,,,
"UCSF - Longitudinal FreeSurfer (5.1) - All Available Base Image [ADNIGO,2]",UCSFFSL51ALL,Volume,ST10CV,mm3,<class 'numpy.int64'>,None,"2070550.0, 1133100.0",2009.0,0.0,"ADNI1, ADNI3, ADNI4",keep,predittore,volume,,,
"UCSF - Longitudinal FreeSurfer (5.1) - All Available Base Image [ADNIGO,2]",UCSFFSL51ALL,Volume,ST24CV,mm3,<class 'numpy.int64'>,None,"3344.0, 622.0",2009.0,0.0,"ADNI1, ADNI3, ADNI4",keep,predittore,volume,,,
"UCSF - Longitudinal FreeSurfer (5.1) - All Available Base Image [ADNIGO,2]",UCSFFSL51ALL,Volume,ST26CV,mm3,<class 'numpy.int64'>,None,"14514.0, 4171.0",2009.0,0.0,"ADNI1, ADNI3, ADNI4",keep,predittore,volume,,,
"UCSF - Longitudinal FreeSurfer (5.1) - All Available Base Image [ADNIGO,2]",UCSFFSL51ALL,Volume,ST29SV,mm3,<class 'numpy.int64'>,None,"5894.0, 1091.0",2009.0,0.0,"ADNI1, ADNI3, ADNI4",keep,predittore,volume,,,
"UCSF - Longitudinal FreeSurfer (5.1) - All Available Base Image [ADNIGO,2]",UCSFFSL51ALL,Volume,ST40CV,mm3,<class 'numpy.int64'>,None,"14065.0, 3845.0",2009.0,0.0,"ADNI1, ADNI3, ADNI4",keep,predittore,volume,,,
"UCSF - Longitudinal FreeSurfer (5.1) - All Available Base Image [ADNIGO,2]",UCSFFSL51ALL,Volume,ST96SV,mm3,<class 'numpy.int64'>,None,"63833.0, 3405.0",2009.0,0.0,"ADNI1, ADNI3, ADNI4",keep,predittore,volume,,,
"UCSF - Longitudinal FreeSurfer (5.1) - All Available Base Image [ADNIGO,2]",UCSFFSL51ALL,Volume,ST83CV,mm3,<class 'numpy.int64'>,None,"3271.0, 309.0",2009.0,0.0,"ADNI1, ADNI3, ADNI4",keep,predittore,volume,,,
"UCSF - Longitudinal FreeSurfer (5.1) - All Available Base Image [ADNIGO,2]",UCSFFSL51ALL,Volume,ST85CV,mm3,<class 'numpy.int64'>,None,"14113.0, 3475.0",2009.0,0.0,"ADNI1, ADNI3, ADNI4",keep,predittore,volume,,,
"UCSF - Longitudinal FreeSurfer (5.1) - All Available Base Image [ADNIGO,2]",UCSFFSL51ALL,Volume,ST88SV,mm3,<class 'numpy.int64'>,None,"5278.0, 1259.0",2009.0,0.0,"ADNI1, ADNI3, ADNI4",keep,predittore,volume,,,
"UCSF - Longitudinal FreeSurfer (5.1) - All Available Base Image [ADNIGO,2]",UCSFFSL51ALL,Volume,ST99CV,mm3,<class 'numpy.int64'>,None,"15370.0, 4973.0",2009.0,0.0,"ADNI1, ADNI3, ADNI4",keep,predittore,volume,,,
"UCSF - Longitudinal FreeSurfer (FreeSurfer Version 5.1) - Year 1 Base Image [ADNIGO,2]",UCSFFSL51Y1,ID,RID,,<class 'numpy.int64'>,None,"4795.0, 21.0",1356.0,0.0,"ADNI1, ADNI3, ADNI4",keep,,,,,
"UCSF - Longitudinal FreeSurfer (FreeSurfer Version 5.1) - Year 1 Base Image [ADNIGO,2]",UCSFFSL51Y1,Visit,VISCODE2,,<class 'str'>,"m60, m72, m48, m06, m12, scmri, m03, nv",None,1356.0,0.0,"ADNI1, ADNI3, ADNI4",keep,,,,,
"UCSF - Longitudinal FreeSurfer (FreeSurfer Version 5.1) - Year 1 Base Image [ADNIGO,2]",UCSFFSL51Y1,Visit,EXAMDATE,,<class 'str'>,"2010-10-08, 2011-10-13, 2010-10-04, 2011-10-05, 2012-05-10",None,1356.0,0.0,"ADNI1, ADNI3, ADNI4",keep,,,,,
"UCSF - Longitudinal FreeSurfer (FreeSurfer Version 5.1) - Year 1 Base Image [ADNIGO,2]",UCSFFSL51Y1,Cohort,COLPROT,,<class 'str'>,"ADNIGO, ADNI2, nv",None,1356.0,0.0,"ADNI1, ADNI3, ADNI4",keep,,,,,
"UCSF - Longitudinal FreeSurfer (FreeSurfer Version 5.1) - Year 1 Base Image [ADNIGO,2]",UCSFFSL51Y1,Other,IMAGEUID,,<class 'numpy.int64'>,None,"375918.0, 222683.0",1356.0,0.0,"ADNI1, ADNI3, ADNI4",keep,,,,,
"UCSF - Longitudinal FreeSurfer (FreeSurfer Version 5.1) - Year 1 Base Image [ADNIGO,2]",UCSFFSL51Y1,Other,OVERALLQC,,<class 'str'>,"Pass, Partial, Fail, Hippocampus Only",None,1356.0,0.0,"ADNI1, ADNI3, ADNI4",keep,,,,,
"UCSF - Longitudinal FreeSurfer (FreeSurfer Version 5.1) - Year 1 Base Image [ADNIGO,2]",UCSFFSL51Y1,Other,TEMPQC,,<class 'str'>,"Pass, Fail",None,1356.0,0.0,"ADNI1, ADNI3, ADNI4",keep,,,,,
"UCSF - Longitudinal FreeSurfer (FreeSurfer Version 5.1) - Year 1 Base Image [ADNIGO,2]",UCSFFSL51Y1,Other,VENTQC,,<class 'str'>,"Pass, Fail",None,1356.0,0.0,"ADNI1, ADNI3, ADNI4",keep,,,,,
"UCSF - Longitudinal FreeSurfer (FreeSurfer Version 5.1) - Year 1 Base Image [ADNIGO,2]",UCSFFSL51Y1,Other,RHIPQC,,None,None,None,0.0,1356.0,"ADNI1, ADNIGO, ADNI2, ADNI3, ADNI4",drop,,,,,
"UCSF - Longitudinal FreeSurfer (FreeSurfer Version 5.1) - Year 1 Base Image [ADNIGO,2]",UCSFFSL51Y1,Other,LHIPQC,,None,None,None,0.0,1356.0,"ADNI1, ADNIGO, ADNI2, ADNI3, ADNI4",drop,,,,,
"UCSF - Longitudinal FreeSurfer (FreeSurfer Version 5.1) - Year 1 Base Image [ADNIGO,2]",UCSFFSL51Y1,Other,STATUS,,<class 'str'>,partial,None,1356.0,0.0,"ADNI1, ADNI3, ADNI4",keep,,,,,
"UCSF - Longitudinal FreeSurfer (FreeSurfer Version 5.1) - Year 1 Base Image [ADNIGO,2]",UCSFFSL51Y1,Volume,ST37SV,mm3,<class 'numpy.int64'>,None,"64376.0, 2958.0",1356.0,0.0,"ADNI1, ADNI3, ADNI4",keep,predittore,volume,,,
"UCSF - Longitudinal FreeSurfer (FreeSurfer Version 5.1) - Year 1 Base Image [ADNIGO,2]",UCSFFSL51Y1,Volume,ST10CV,mm3,<class 'numpy.int64'>,None,"2073760.0, 1168740.0",1356.0,0.0,"ADNI1, ADNI3, ADNI4",keep,predittore,volume,,,
"UCSF - Longitudinal FreeSurfer (FreeSurfer Version 5.1) - Year 1 Base Image [ADNIGO,2]",UCSFFSL51Y1,Volume,ST24CV,mm3,<class 'numpy.int64'>,None,"3302.0, 578.0",1356.0,0.0,"ADNI1, ADNI3, ADNI4",keep,predittore,volume,,,
"UCSF - Longitudinal FreeSurfer (FreeSurfer Version 5.1) - Year 1 Base Image [ADNIGO,2]",UCSFFSL51Y1,Volume,ST26CV,mm3,<class 'numpy.int64'>,None,"13730.0, 4732.0",1356.0,0.0,"ADNI1, ADNI3, ADNI4",keep,predittore,volume,,,
"UCSF - Longitudinal FreeSurfer (FreeSurfer Version 5.1) - Year 1 Base Image [ADNIGO,2]",UCSFFSL51Y1,Volume,ST29SV,mm3,<class 'numpy.int64'>,None,"5051.0, 1259.0",1356.0,0.0,"ADNI1, ADNI3, ADNI4",keep,predittore,volume,,,
"UCSF - Longitudinal FreeSurfer (FreeSurfer Version 5.1) - Year 1 Base Image [ADNIGO,2]",UCSFFSL51Y1,Volume,ST40CV,mm3,<class 'numpy.int64'>,None,"14121.0, 4979.0",1356.0,0.0,"ADNI1, ADNI3, ADNI4",keep,predittore,volume,,,
"UCSF - Longitudinal FreeSurfer (FreeSurfer Version 5.1) - Year 1 Base Image [ADNIGO,2]",UCSFFSL51Y1,Volume,ST96SV,mm3,<class 'numpy.int64'>,None,"53151.0, 3131.0",1356.0,0.0,"ADNI1, ADNI3, ADNI4",keep,predittore,volume,,,
"UCSF - Longitudinal FreeSurfer (FreeSurfer Version 5.1) - Year 1 Base Image [ADNIGO,2]",UCSFFSL51Y1,Volume,ST83CV,mm3,<class 'numpy.int64'>,None,"3629.0, 517.0",1356.0,0.0,"ADNI1, ADNI3, ADNI4",keep,predittore,volume,,,
"UCSF - Longitudinal FreeSurfer (FreeSurfer Version 5.1) - Year 1 Base Image [ADNIGO,2]",UCSFFSL51Y1,Volume,ST85CV,mm3,<class 'numpy.int64'>,None,"14597.0, 4411.0",1356.0,0.0,"ADNI1, ADNI3, ADNI4",keep,predittore,volume,,,
"UCSF - Longitudinal FreeSurfer (FreeSurfer Version 5.1) - Year 1 Base Image [ADNIGO,2]",UCSFFSL51Y1,Volume,ST88SV,mm3,<class 'numpy.int64'>,None,"5403.0, 1575.0",1356.0,0.0,"ADNI1, ADNI3, ADNI4",keep,predittore,volume,,,
"UCSF - Longitudinal FreeSurfer (FreeSurfer Version 5.1) - Year 1 Base Image [ADNIGO,2]",UCSFFSL51Y1,Volume,ST99CV,mm3,<class 'numpy.int64'>,None,"15752.0, 5044.0",1356.0,0.0,"ADNI1, ADNI3, ADNI4",keep,predittore,volume,,,
"UCSF - Longitudinal FreeSurfer (5.1) - Final Run w/ All A [ADNIGO,2]",UCSFFSL51,ID,RID,,<class 'numpy.int64'>,None,"5289.0, 21.0",3311.0,0.0,"ADNI1, ADNI3, ADNI4",keep,,,,,
"UCSF - Longitudinal FreeSurfer (5.1) - Final Run w/ All A [ADNIGO,2]",UCSFFSL51,Visit,VISCODE2,,<class 'str'>,"m84, m60, m72, m96, m120",None,3311.0,0.0,"ADNI1, ADNI3, ADNI4",keep,,,,,
"UCSF - Longitudinal FreeSurfer (5.1) - Final Run w/ All A [ADNIGO,2]",UCSFFSL51,Visit,EXAMDATE,,<class 'str'>,"2012-10-04, 2010-10-08, 2011-10-13, 2013-10-17, 2015-11-03",None,3311.0,0.0,"ADNI1, ADNI3, ADNI4",keep,,,,,
"UCSF - Longitudinal FreeSurfer (5.1) - Final Run w/ All A [ADNIGO,2]",UCSFFSL51,Cohort,COLPROT,,<class 'str'>,"ADNI2, ADNIGO, nan",None,3310.0,1.0,"ADNI1, ADNI3, ADNI4",keep,,,,,
"UCSF - Longitudinal FreeSurfer (5.1) - Final Run w/ All A [ADNIGO,2]",UCSFFSL51,Other,IMAGEUID,,<class 'numpy.int64'>,None,"1051225.0, 221959.0",3311.0,0.0,"ADNI1, ADNI3, ADNI4",keep,,,,,
"UCSF - Longitudinal FreeSurfer (5.1) - Final Run w/ All A [ADNIGO,2]",UCSFFSL51,Other,OVERALLQC,,<class 'str'>,"Pass, Partial, Fail, nan, Hippoca",None,3309.0,2.0,"ADNI1, ADNI3, ADNI4",keep,,,,,
"UCSF - Longitudinal FreeSurfer (5.1) - Final Run w/ All A [ADNIGO,2]",UCSFFSL51,Other,TEMPQC,,<class 'str'>,"Pass, Fail, nan",None,3309.0,2.0,"ADNI1, ADNI3, ADNI4",keep,,,,,
"UCSF - Longitudinal FreeSurfer (5.1) - Final Run w/ All A [ADNIGO,2]",UCSFFSL51,Other,VENTQC,,<class 'str'>,"Pass, Fail, nan",None,3309.0,2.0,"ADNI1, ADNI3, ADNI4",keep,,,,,
"UCSF - Longitudinal FreeSurfer (5.1) - Final Run w/ All A [ADNIGO,2]",UCSFFSL51,Other,RHIPQC,,None,None,None,0.0,3311.0,"ADNI1, ADNIGO, ADNI2, ADNI3, ADNI4",drop,,,,,
"UCSF - Longitudinal FreeSurfer (5.1) - Final Run w/ All A [ADNIGO,2]",UCSFFSL51,Other,LHIPQC,,None,None,None,0.0,3311.0,"ADNI1, ADNIGO, ADNI2, ADNI3, ADNI4",drop,,,,,
"UCSF - Longitudinal FreeSurfer (5.1) - Final Run w/ All A [ADNIGO,2]",UCSFFSL51,Other,STATUS,,<class 'str'>,partial,None,3311.0,0.0,"ADNI1, ADNI3, ADNI4",keep,,,,,
"UCSF - Longitudinal FreeSurfer (5.1) - Final Run w/ All A [ADNIGO,2]",UCSFFSL51,Volume,ST37SV,mm3,<class 'numpy.int64'>,None,"70095.0, 2878.0",3311.0,0.0,"ADNI1, ADNI3, ADNI4",keep,predittore,volume,,,
"UCSF - Longitudinal FreeSurfer (5.1) - Final Run w/ All A [ADNIGO,2]",UCSFFSL51,Volume,ST10CV,mm3,<class 'numpy.int64'>,None,"2080860.0, 1142800.0",3311.0,0.0,"ADNI1, ADNI3, ADNI4",keep,predittore,volume,,,
"UCSF - Longitudinal FreeSurfer (5.1) - Final Run w/ All A [ADNIGO,2]",UCSFFSL51,Volume,ST24CV,mm3,<class 'numpy.int64'>,None,"3344.0, 607.0",3311.0,0.0,"ADNI1, ADNI3, ADNI4",keep,predittore,volume,,,
"UCSF - Longitudinal FreeSurfer (5.1) - Final Run w/ All A [ADNIGO,2]",UCSFFSL51,Volume,ST26CV,mm3,<class 'numpy.int64'>,None,"15079.0, 4171.0",3311.0,0.0,"ADNI1, ADNI3, ADNI4",keep,predittore,volume,,,
"UCSF - Longitudinal FreeSurfer (5.1) - Final Run w/ All A [ADNIGO,2]",UCSFFSL51,Volume,ST29SV,mm3,<class 'numpy.int64'>,None,"5069.0, 1091.0",3311.0,0.0,"ADNI1, ADNI3, ADNI4",keep,predittore,volume,,,
"UCSF - Longitudinal FreeSurfer (5.1) - Final Run w/ All A [ADNIGO,2]",UCSFFSL51,Volume,ST40CV,mm3,<class 'numpy.int64'>,None,"14136.0, 3845.0",3311.0,0.0,"ADNI1, ADNI3, ADNI4",keep,predittore,volume,,,
"UCSF - Longitudinal FreeSurfer (5.1) - Final Run w/ All A [ADNIGO,2]",UCSFFSL51,Volume,ST96SV,mm3,<class 'numpy.int64'>,None,"67939.0, 2372.0",3311.0,0.0,"ADNI1, ADNI3, ADNI4",keep,predittore,volume,,,
"UCSF - Longitudinal FreeSurfer (5.1) - Final Run w/ All A [ADNIGO,2]",UCSFFSL51,Volume,ST83CV,mm3,<class 'numpy.int64'>,None,"3725.0, 309.0",3311.0,0.0,"ADNI1, ADNI3, ADNI4",keep,predittore,volume,,,
"UCSF - Longitudinal FreeSurfer (5.1) - Final Run w/ All A [ADNIGO,2]",UCSFFSL51,Volume,ST85CV,mm3,<class 'numpy.int64'>,None,"14353.0, 3475.0",3311.0,0.0,"ADNI1, ADNI3, ADNI4",keep,predittore,volume,,,
"UCSF - Longitudinal FreeSurfer (5.1) - Final Run w/ All A [ADNIGO,2]",UCSFFSL51,Volume,ST88SV,mm3,<class 'numpy.int64'>,None,"5195.0, 1259.0",3311.0,0.0,"ADNI1, ADNI3, ADNI4",keep,predittore,volume,,,
"UCSF - Longitudinal FreeSurfer (5.1) - Final Run w/ All A [ADNIGO,2]",UCSFFSL51,Volume,ST99CV,mm3,<class 'numpy.int64'>,None,"17127.0, 4836.0",3311.0,0.0,"ADNI1, ADNI3, ADNI4",keep,predittore,volume,,,
"UCSF - Longitudinal FreeSurfer (FreeSurfer Version 4.4) [ADNI1,GO,2]",UCSFFSL,ID,RID,,<class 'numpy.int64'>,None,"1430.0, 3.0",3570.0,0.0,pop not found,keep,,,,,
"UCSF - Longitudinal FreeSurfer (FreeSurfer Version 4.4) [ADNI1,GO,2]",UCSFFSL,Visit,VISCODE2,,<class 'str'>,"m06, m12, m24, sc, m18, m36, m48, f, bl, m60",None,3570.0,0.0,pop not found,keep,,,,,
"UCSF - Longitudinal FreeSurfer (FreeSurfer Version 4.4) [ADNI1,GO,2]",UCSFFSL,Visit,EXAMDATE,,<class 'str'>,"2006-03-13, 2006-09-12, 2007-09-12, 2005-09-01, 2006-05-25",None,3570.0,0.0,pop not found,keep,,,,,
"UCSF - Longitudinal FreeSurfer (FreeSurfer Version 4.4) [ADNI1,GO,2]",UCSFFSL,Other,FLDSTRENG,,<class 'numpy.float64'>,1.5,"1.5, 1.5",3570.0,0.0,pop not found,keep,,,,,
"UCSF - Longitudinal FreeSurfer (FreeSurfer Version 4.4) [ADNI1,GO,2]",UCSFFSL,Other,IMAGEUID,,<class 'numpy.int64'>,None,"322396.0, 31863.0",3570.0,0.0,pop not found,keep,,,,,
"UCSF - Longitudinal FreeSurfer (FreeSurfer Version 4.4) [ADNI1,GO,2]",UCSFFSL,Other,OVERALLQC,,<class 'str'>,"Partial, Pass, Fail, nan, Hippocampus Only",None,3537.0,33.0,pop not found,keep,,,,,
"UCSF - Longitudinal FreeSurfer (FreeSurfer Version 4.4) [ADNI1,GO,2]",UCSFFSL,Other,TEMPQC,,<class 'str'>,"Pass, Fail, nan",None,3537.0,33.0,pop not found,keep,,,,,
"UCSF - Longitudinal FreeSurfer (FreeSurfer Version 4.4) [ADNI1,GO,2]",UCSFFSL,Other,VENTQC,,<class 'str'>,"Pass, Fail, nan",None,3537.0,33.0,pop not found,keep,,,,,
"UCSF - Longitudinal FreeSurfer (FreeSurfer Version 4.4) [ADNI1,GO,2]",UCSFFSL,Other,STATUS,,<class 'str'>,"complete, partial",None,3570.0,0.0,pop not found,keep,,,,,
"UCSF - Longitudinal FreeSurfer (FreeSurfer Version 4.4) [ADNI1,GO,2]",UCSFFSL,Volume,ST37SV,mm3,<class 'numpy.int64'>,None,"88479.0, 3052.0",3570.0,0.0,pop not found,keep,predittore,volume,,,
"UCSF - Longitudinal FreeSurfer (FreeSurfer Version 4.4) [ADNI1,GO,2]",UCSFFSL,Volume,ST10CV,mm3,<class 'numpy.int64'>,None,"2110290.0, 1153430.0",3570.0,0.0,pop not found,keep,predittore,volume,,,
"UCSF - Longitudinal FreeSurfer (FreeSurfer Version 4.4) [ADNI1,GO,2]",UCSFFSL,Volume,ST24CV,mm3,<class 'numpy.int64'>,None,"3753.0, 488.0",3570.0,0.0,pop not found,keep,predittore,volume,,,
"UCSF - Longitudinal FreeSurfer (FreeSurfer Version 4.4) [ADNI1,GO,2]",UCSFFSL,Volume,ST26CV,mm3,<class 'numpy.int64'>,None,"12965.0, 3402.0",3570.0,0.0,pop not found,keep,predittore,volume,,,
"UCSF - Longitudinal FreeSurfer (FreeSurfer Version 4.4) [ADNI1,GO,2]",UCSFFSL,Volume,ST29SV,mm3,<class 'numpy.int64'>,None,"5330.0, 1345.0",3570.0,0.0,pop not found,keep,predittore,volume,,,
"UCSF - Longitudinal FreeSurfer (FreeSurfer Version 4.4) [ADNI1,GO,2]",UCSFFSL,Volume,ST40CV,mm3,<class 'numpy.int64'>,None,"14083.0, 3444.0",3570.0,0.0,pop not found,keep,predittore,volume,,,
"UCSF - Longitudinal FreeSurfer (FreeSurfer Version 4.4) [ADNI1,GO,2]",UCSFFSL,Volume,ST96SV,mm3,<class 'numpy.int64'>,None,"72583.0, 2216.0",3570.0,0.0,pop not found,keep,predittore,volume,,,
"UCSF - Longitudinal FreeSurfer (FreeSurfer Version 4.4) [ADNI1,GO,2]",UCSFFSL,Volume,ST83CV,mm3,<class 'numpy.int64'>,None,"3382.0, 238.0",3570.0,0.0,pop not found,keep,predittore,volume,,,
"UCSF - Longitudinal FreeSurfer (FreeSurfer Version 4.4) [ADNI1,GO,2]",UCSFFSL,Volume,ST85CV,mm3,<class 'numpy.int64'>,None,"13506.0, 3281.0",3570.0,0.0,pop not found,keep,predittore,volume,,,
"UCSF - Longitudinal FreeSurfer (FreeSurfer Version 4.4) [ADNI1,GO,2]",UCSFFSL,Volume,ST88SV,mm3,<class 'numpy.int64'>,None,"5338.0, 636.0",3570.0,0.0,pop not found,keep,predittore,volume,,,
"UCSF - Longitudinal FreeSurfer (FreeSurfer Version 4.4) [ADNI1,GO,2]",UCSFFSL,Volume,ST99CV,mm3,<class 'numpy.int64'>,None,"15374.0, 4496.0",3570.0,0.0,pop not found,keep,predittore,volume,,,
UCSD - Derived Volumes [ADNI1],UCSDVOL,ID,RID,,<class 'numpy.int64'>,None,"1435.0, 2.0",3128.0,0.0,pop not found,keep,,,,,
UCSD - Derived Volumes [ADNI1],UCSDVOL,Visit,VISCODE,,<class 'str'>,"sc, m06, m12, m24, m18, m36",None,3128.0,0.0,pop not found,keep,,,,,
UCSD - Derived Volumes [ADNI1],UCSDVOL,Visit,EXAMDATE,,<class 'str'>,"2005-08-26, 2005-09-01, 2006-03-13, 2006-09-12, 2007-09-12",None,3128.0,0.0,pop not found,keep,,,,,
UCSD - Derived Volumes [ADNI1],UCSDVOL,Other,QCPASS,,<class 'numpy.int64'>,"1, 0","1.0, 0.0",3128.0,0.0,pop not found,keep,,,,,
UCSD - Derived Volumes [ADNI1],UCSDVOL,Volume,BRAIN,mm3,<class 'numpy.int64'>,None,"1361820.0, 629016.0",3128.0,0.0,pop not found,keep,predittore,volume,,,
UCSD - Derived Volumes [ADNI1],UCSDVOL,Volume,EICV,mm3,<class 'numpy.int64'>,None,"1951440.0, 1059560.0",3128.0,0.0,pop not found,keep,predittore,volume,,,
UCSD - Derived Volumes [ADNI1],UCSDVOL,Volume,VENTRICLES,mm3,<class 'numpy.float64'>,None,"168830.0, 7552.46",3128.0,0.0,pop not found,keep,predittore,volume,,,
UCSD - Derived Volumes [ADNI1],UCSDVOL,Volume,LHIPPOC,mm3,<class 'numpy.float64'>,None,"5514.94, 1287.93",3128.0,0.0,pop not found,keep,predittore,volume,,,
UCSD - Derived Volumes [ADNI1],UCSDVOL,Volume,RHIPPOC,mm3,<class 'numpy.float64'>,None,"5750.4, 569.549",3128.0,0.0,pop not found,keep,predittore,volume,,,
"UPENN - ADNI/DIAN Study CSF Elecsys Results [ADNI1,GO,2]",UPENNBIOMK_ADNIDIAN_ES_2017,ID,RID,,<class 'numpy.int64'>,,"5285.0, 42.0",422.0,0.0,"ADNI1, ADNIGO, ADNI2, ADNI3, ADNI4",keep,,,,,
"UPENN - ADNI/DIAN Study CSF Elecsys Results [ADNI1,GO,2]",UPENNBIOMK_ADNIDIAN_ES_2017,Visit,VISCODE2,,<class 'str'>,"m60, m84, m108, m24, m36",,422.0,0.0,"ADNI1, ADNIGO, ADNI2, ADNI3, ADNI4",keep,,,,,
"UPENN - ADNI/DIAN Study CSF Elecsys Results [ADNI1,GO,2]",UPENNBIOMK_ADNIDIAN_ES_2017,Visit,EXAMDATE,,<class 'str'>,"2011-04-14, 2013-01-24, 2015-02-12, 2011-02-08, 2013-02-07",,422.0,0.0,"ADNI1, ADNIGO, ADNI2, ADNI3, ADNI4",keep,,,,,
"UPENN - ADNI/DIAN Study CSF Elecsys Results [ADNI1,GO,2]",UPENNBIOMK_ADNIDIAN_ES_2017,Cohort,STUDY,,<class 'str'>,ADNI,,422.0,0.0,"ADNI1, ADNIGO, ADNI2, ADNI3, ADNI4",keep,,,,,
"UPENN - ADNI/DIAN Study CSF Elecsys Results [ADNI1,GO,2]",UPENNBIOMK_ADNIDIAN_ES_2017,Abeta,ABETA,elecsys,<class 'numpy.int64'>,,"2982.0, 238.0",422.0,0.0,"ADNI1, ADNIGO, ADNI2, ADNI3, ADNI4",keep,predittore,intervallo,,,
"UPENN - ADNI/DIAN Study CSF Elecsys Results [ADNI1,GO,2]",UPENNBIOMK_ADNIDIAN_ES_2017,Abeta,AB40,elecsys,<class 'numpy.int64'>,,"37590.0, 5550.0",422.0,0.0,"ADNI1, ADNIGO, ADNI2, ADNI3, ADNI4",keep,predittore,intervallo,,,
"UPENN - ADNI/DIAN Study CSF Elecsys Results [ADNI1,GO,2]",UPENNBIOMK_ADNIDIAN_ES_2017,Tau,TAU,elecsys,<class 'numpy.int64'>,,"946.0, 110.0",422.0,0.0,"ADNI1, ADNIGO, ADNI2, ADNI3, ADNI4",keep,predittore,intervallo,,,
"UPENN - ADNI/DIAN Study CSF Elecsys Results [ADNI1,GO,2]",UPENNBIOMK_ADNIDIAN_ES_2017,Tau,PTAU,elecsys,<class 'numpy.float64'>,,"118.0, 8.0",421.0,1.0,"ADNI1, ADNIGO, ADNI2, ADNI3, ADNI4",keep,predittore,intervallo,,,
"UPENN - ADNI/DIAN Study CSF Elecsys Results [ADNI1,GO,2]",UPENNBIOMK_ADNIDIAN_ES_2017,Abeta,A4240,elecsys,<class 'numpy.float64'>,,"0.1036, 0.0199",422.0,0.0,"ADNI1, ADNIGO, ADNI2, ADNI3, ADNI4",keep,predittore,intervallo,,,
"UPENN CSF Biomarkers Roche Elecsys [ADNI1,GO,2,3]",UPENNBIOMK_ROCHE_ELECSYS,ID,RID,,<class 'numpy.int64'>,,"7073.0, 3.0",3174.0,0.0,ADNI4,keep,,,,,
"UPENN CSF Biomarkers Roche Elecsys [ADNI1,GO,2,3]",UPENNBIOMK_ROCHE_ELECSYS,Visit,VISCODE2,,<class 'str'>,"bl, m12, m24, m48, m60",,3174.0,0.0,ADNI4,keep,,,,,
"UPENN CSF Biomarkers Roche Elecsys [ADNI1,GO,2,3]",UPENNBIOMK_ROCHE_ELECSYS,Visit,EXAMDATE,,<class 'str'>,"2005-09-12, 2006-09-13, 2005-11-22, 2006-11-28, 2005-09-07",,3174.0,0.0,ADNI4,keep,,,,,
"UPENN CSF Biomarkers Roche Elecsys [ADNI1,GO,2,3]",UPENNBIOMK_ROCHE_ELECSYS,Cohort,PHASE,,<class 'str'>,"ADNI1, ADNIGO, ADNI2, ADNI3",,3174.0,0.0,ADNI4,keep,,,,,
"UPENN CSF Biomarkers Roche Elecsys [ADNI1,GO,2,3]",UPENNBIOMK_ROCHE_ELECSYS,Abeta,ABETA40,elecsys,<class 'numpy.float64'>,,"37480.0, 841.0",934.0,2240.0,ADNI4,drop,predittore,intervallo,,,
"UPENN CSF Biomarkers Roche Elecsys [ADNI1,GO,2,3]",UPENNBIOMK_ROCHE_ELECSYS,Abeta,ABETA42,elecsys,<class 'numpy.float64'>,,"4779.0, 203.0",3167.0,7.0,ADNI4,keep,predittore,intervallo,,,
"UPENN CSF Biomarkers Roche Elecsys [ADNI1,GO,2,3]",UPENNBIOMK_ROCHE_ELECSYS,Tau,TAU,elecsys,<class 'numpy.float64'>,,"1018.0, 80.08",3159.0,15.0,ADNI4,keep,predittore,intervallo,,,
"UPENN CSF Biomarkers Roche Elecsys [ADNI1,GO,2,3]",UPENNBIOMK_ROCHE_ELECSYS,Tau,PTAU,elecsys,<class 'numpy.float64'>,,"108.5, 8.0",3147.0,27.0,ADNI4,keep,predittore,intervallo,,,
"EUROIMMUN CSF Beta-Amyloid [ADNIGO,2]",EUROIMMUN,ID,RID,,<class 'numpy.int64'>,,"999999.0, 51.0",280.0,0.0,pop not found,keep,,,,,
"EUROIMMUN CSF Beta-Amyloid [ADNIGO,2]",EUROIMMUN,Visit,VISCODE2,,<class 'str'>,"m72, m60, m48, m36, m24, bl, m06, nan",,240.0,40.0,pop not found,keep,,,,,
"EUROIMMUN CSF Beta-Amyloid [ADNIGO,2]",EUROIMMUN,Visit,EXAMDATE,,<class 'str'>,"2011-08-11, 2010-12-15, 2011-04-05, 2011-04-14, 2012-06-06",,240.0,40.0,pop not found,keep,,,,,
"EUROIMMUN CSF Beta-Amyloid [ADNIGO,2]",EUROIMMUN,Abeta,BETA_AMYLOID_1_40,elisa,<class 'numpy.float64'>,,"18996.2, 4695.53",278.0,2.0,pop not found,keep,predittore,intervallo,,,
"EUROIMMUN CSF Beta-Amyloid [ADNIGO,2]",EUROIMMUN,Abeta,BETA_AMYLOID_1_42,elisa,<class 'numpy.float64'>,,"1987.9, 264.01",278.0,2.0,pop not found,keep,predittore,intervallo,,,
"EUROIMMUN CSF Beta-Amyloid [ADNIGO,2]",EUROIMMUN,Abeta,BETA_AMYLOID_42_40,elisa,<class 'numpy.float64'>,,"0.164291, 0.0297259",278.0,2.0,pop not found,keep,predittore,intervallo,,,
"Fujirebio Beta-Amyloid Ratio [ADNIGO,2] ",FUJIREBIOABETA,ID,RID,,<class 'numpy.int64'>,,"999999.0, 42.0",442.0,0.0,pop not found,keep,,,,,
"Fujirebio Beta-Amyloid Ratio [ADNIGO,2] ",FUJIREBIOABETA,Visit,VISCODE2,,<class 'str'>,"m60, m72, m48, nv, m36, bl, m24, nan",,441.0,1.0,pop not found,keep,,,,,
"Fujirebio Beta-Amyloid Ratio [ADNIGO,2] ",FUJIREBIOABETA,Visit,EXAMDATE,,<class 'str'>,"2011-04-14, 2011-08-11, 2010-09-28, 2011-02-16, 2011-03-17",,421.0,21.0,pop not found,keep,,,,,
"Fujirebio Beta-Amyloid Ratio [ADNIGO,2] ",FUJIREBIOABETA,Abeta,ABETA42,lumipulse,<class 'numpy.int64'>,,"2267.0, 42.0",442.0,0.0,pop not found,keep,predittore,intervallo,,,
"Fujirebio Beta-Amyloid Ratio [ADNIGO,2] ",FUJIREBIOABETA,Abeta,ABETA40,lumipulse,<class 'numpy.float64'>,,"27373.0, 874.0",440.0,2.0,pop not found,keep,predittore,intervallo,,,
"Fujirebio Beta-Amyloid Ratio [ADNIGO,2] ",FUJIREBIOABETA,Abeta,ABETA42_40,lumipulse,<class 'numpy.float64'>,,"0.827, 0.022",440.0,2.0,pop not found,keep,predittore,intervallo,,,
"SALADAX Biomedical Summaries [ADNI1,GO,2]",SALADAX_BIOMEDICAL,ID,RID,,<class 'numpy.float64'>,,"5160.0, 2010.0",373.0,20.0,pop not found,keep,,,,,
"SALADAX Biomedical Summaries [ADNI1,GO,2]",SALADAX_BIOMEDICAL,Visit,EXAMDATE,,<class 'str'>,"2010-12-14, 2011-05-26, 2011-05-16, 2011-07-19, 2010-07-08",,373.0,20.0,pop not found,keep,,,,,
"SALADAX Biomedical Summaries [ADNI1,GO,2]",SALADAX_BIOMEDICAL,Visit,VISCODE2,,<class 'str'>,"bl, nan, m24",,372.0,21.0,pop not found,keep,,,,,
"SALADAX Biomedical Summaries [ADNI1,GO,2]",SALADAX_BIOMEDICAL,Abeta,ABETA42,saladax_immun_sandwich,<class 'numpy.float64'>,,"855.0, 83.0",390.0,3.0,pop not found,keep,predittore,intervallo,,,
"SALADAX Biomedical Summaries [ADNI1,GO,2]",SALADAX_BIOMEDICAL,Tau,TOTALTAU,saladax_immun_sandwich,<class 'numpy.float64'>,,"931.0, 89.0",380.0,13.0,pop not found,keep,predittore,intervallo,,,
The DIAN-ADNI Comparison Study,ADNI_DIAN_COMPARISON,id,RID,,<class 'numpy.int64'>,,"5295.0, 42.0",3252.0,0.0,"ADNI3, ADNI4",keep,,,,,
The DIAN-ADNI Comparison Study,ADNI_DIAN_COMPARISON,Cohort,COLPROT,,<class 'str'>,"ADNI2, ADNI1, ADNIGO, nv",,3252.0,0.0,"ADNI3, ADNI4",keep,,,,,
The DIAN-ADNI Comparison Study,ADNI_DIAN_COMPARISON,Visit,VISCODE2,,<class 'str'>,"m84, m48, m60, m06, m18",,3252.0,0.0,"ADNI3, ADNI4",keep,,,,,
The DIAN-ADNI Comparison Study,ADNI_DIAN_COMPARISON,Visit,EXAMDATE,,<class 'str'>,"2013-01-23, 2010-03-18, 2011-04-13, 2006-05-02, 2007-05-10",,3252.0,0.0,"ADNI3, ADNI4",keep,,,,,
The DIAN-ADNI Comparison Study,ADNI_DIAN_COMPARISON,Visit,CSFDATE,,<class 'str'>,"2013-01-24, nan, 2011-04-14, 2013-02-07, 2011-02-08",,437.0,2815.0,"ADNI3, ADNI4",drop,,,,,
The DIAN-ADNI Comparison Study,ADNI_DIAN_COMPARISON,Visit,MRI_SCANDATE,,<class 'str'>,"2013-01-23, nan, 2011-01-04, 2012-01-20, 2010-12-10",,795.0,2457.0,"ADNI3, ADNI4",drop,,,,,
The DIAN-ADNI Comparison Study,ADNI_DIAN_COMPARISON,Visit,PET_SCANDATE,,<class 'str'>,"2013-01-23, nan, 2011-04-13, 2013-02-06, 2011-02-10",,469.0,2783.0,"ADNI3, ADNI4",drop,,,,,
The DIAN-ADNI Comparison Study,ADNI_DIAN_COMPARISON,Age,VISITAGE,,<class 'numpy.float64'>,,"94.66304, 55.0",3252.0,0.0,"ADNI3, ADNI4",keep,,,,,
The DIAN-ADNI Comparison Study,ADNI_DIAN_COMPARISON,Gender,GENDER,,<class 'numpy.int64'>,"1, 0","1.0, 0.0",3252.0,0.0,"ADNI3, ADNI4",keep,cofattore,,,,
The DIAN-ADNI Comparison Study,ADNI_DIAN_COMPARISON,Ethnicity,HISPANIC,,<class 'numpy.int64'>,"0, 9, 1","9.0, 0.0",3252.0,0.0,"ADNI3, ADNI4",keep,cofattore,,,,
The DIAN-ADNI Comparison Study,ADNI_DIAN_COMPARISON,Race,RACE,,<class 'numpy.int64'>,"1, 2, 5, 3, 50","50.0, 1.0",3252.0,0.0,"ADNI3, ADNI4",keep,cofattore,,,,
The DIAN-ADNI Comparison Study,ADNI_DIAN_COMPARISON,Marry,MARISTAT,,<class 'numpy.float64'>,"1.0, 2.0, 3.0, 5.0, nan, 9.0","9.0, 1.0",3224.0,28.0,"ADNI3, ADNI4",keep,cofattore,,,,
The DIAN-ADNI Comparison Study,ADNI_DIAN_COMPARISON,APOE,DIAN_APOE,,<class 'numpy.float64'>,"33.0, 23.0, 44.0, 34.0, 24.0, 22.0, nan","44.0, 22.0",3251.0,1.0,"ADNI3, ADNI4",keep,cofattore,,,,
The DIAN-ADNI Comparison Study,ADNI_DIAN_COMPARISON,Other,DIAN_GROUP,,<class 'numpy.int64'>,"2, 1, 4, 3","4.0, 1.0",3252.0,0.0,"ADNI3, ADNI4",keep,,,,,
The DIAN-ADNI Comparison Study,ADNI_DIAN_COMPARISON,CDR,CDRSUM,,<class 'numpy.float64'>,,"18.0, 0.0",3187.0,65.0,"ADNI3, ADNI4",keep,predittore,scala,,,
The DIAN-ADNI Comparison Study,ADNI_DIAN_COMPARISON,CDR,CDRGLOB,,<class 'numpy.float64'>,"1.0, 0.5, 2.0, 0.0, nan, 3.0","3.0, 0.0",3187.0,65.0,"ADNI3, ADNI4",keep,predittore,scala,,,
The DIAN-ADNI Comparison Study,ADNI_DIAN_COMPARISON,MMSE,DIAN_MMSE,,<class 'numpy.float64'>,,"30.0, 0.0",3143.0,109.0,"ADNI3, ADNI4",keep,predittore,scala,,,
The DIAN-ADNI Comparison Study,ADNI_DIAN_COMPARISON,Volume,MR_TOTV_INTRACRANIAL,,<class 'numpy.float64'>,,"3384699.1, 961508.561",795.0,2457.0,"ADNI3, ADNI4",drop,predittore,intervallo,,,
The DIAN-ADNI Comparison Study,ADNI_DIAN_COMPARISON,Volume,MR_TOTV_HIPPOCAMPUS,,<class 'numpy.float64'>,,"10563.4, 2381.9",795.0,2457.0,"ADNI3, ADNI4",drop,predittore,intervallo,,,
The DIAN-ADNI Comparison Study,ADNI_DIAN_COMPARISON,Abeta,CSF_ELC_AB42,elecsys,<class 'numpy.float64'>,,"2982.0, 238.0",422.0,2830.0,"ADNI3, ADNI4",drop,predittore,intervallo,,,
The DIAN-ADNI Comparison Study,ADNI_DIAN_COMPARISON,Tau,CSF_ELC_PTAU,elecsys,<class 'numpy.float64'>,,"117.7, 8.5",421.0,2831.0,"ADNI3, ADNI4",drop,predittore,intervallo,,,
The DIAN-ADNI Comparison Study,ADNI_DIAN_COMPARISON,Tau,CSF_ELC_TAU,elecsys,<class 'numpy.float64'>,,"946.0, 110.0",422.0,2830.0,"ADNI3, ADNI4",drop,predittore,intervallo,,,
The DIAN-ADNI Comparison Study,ADNI_DIAN_COMPARISON,Abeta,CSF_ELC_AB40,elecsys,<class 'numpy.float64'>,,"37590.0, 5550.0",422.0,2830.0,"ADNI3, ADNI4",drop,predittore,intervallo,,,
The DIAN-ADNI Comparison Study,ADNI_DIAN_COMPARISON,Abeta,CSF_ELC_AB4240,elecsys,<class 'numpy.float64'>,,"0.1036, 0.0199",422.0,2830.0,"ADNI3, ADNI4",drop,predittore,intervallo,,,
The DIAN-ADNI Comparison Study,ADNI_DIAN_COMPARISON,Abeta,MSP_AB40,massospectometry,<class 'numpy.float64'>,,"16505.0, 2709.0",426.0,2826.0,"ADNI3, ADNI4",drop,predittore,intervallo,,,
The DIAN-ADNI Comparison Study,ADNI_DIAN_COMPARISON,Abeta,MSP_AB42,massospectometry,<class 'numpy.float64'>,,"3738.0, 244.0",426.0,2826.0,"ADNI3, ADNI4",drop,predittore,intervallo,,,
"Meso Scale Diagnostics Analysis of Residual CSF Samples [ADNIGO,2] ",MESOSCALE,ID,RID,,<class 'numpy.int64'>,,"5296.0, 31.0",250.0,0.0,pop not found,keep,,,,,
"Meso Scale Diagnostics Analysis of Residual CSF Samples [ADNIGO,2] ",MESOSCALE,VIsit,DRAWDTE,,<class 'str'>,"2010-12-14, 2010-12-15, 2011-02-08, 2010-09-28, 2011-02-01",,250.0,0.0,pop not found,keep,,,,,
"Meso Scale Diagnostics Analysis of Residual CSF Samples [ADNIGO,2] ",MESOSCALE,Visit,VISCODE2,,<class 'str'>,"m60, m48, m72, nan, bl, m24",,247.0,3.0,pop not found,keep,,,,,
"Meso Scale Diagnostics Analysis of Residual CSF Samples [ADNIGO,2] ",MESOSCALE,Abeta,ABETA40,"MSD, Rockville MD",<class 'numpy.int64'>,,"14758.0, 2354.0",250.0,0.0,pop not found,keep,predittore,intervallo,,,
"Meso Scale Diagnostics Analysis of Residual CSF Samples [ADNIGO,2] ",MESOSCALE,Abeta,ABETA42,"MSD, Rockville MD",<class 'numpy.int64'>,,"1327.0, 139.0",250.0,0.0,pop not found,keep,predittore,intervallo,,,
"Meso Scale Diagnostics Analysis of Residual CSF Samples [ADNIGO,2] ",MESOSCALE,Tau,TAU,"MSD, Rockville MD",<class 'numpy.int64'>,,"1264.0, 79.0",250.0,0.0,pop not found,keep,predittore,intervallo,,,
"UPENN CSF Biomarker Master Alzbio3 (BATCH1-8) [ADNI1,GO,2] ",UPENNBIOMK_MASTER,ID,RID,,<class 'numpy.int64'>,,"5296.0, 3.0",5875.0,0.0,pop not found,keep,,,,,
"UPENN CSF Biomarker Master Alzbio3 (BATCH1-8) [ADNI1,GO,2] ",UPENNBIOMK_MASTER,Visit,DRAWDTE,,<class 'str'>,"2005-09-12, 2006-09-13, 2005-11-22, 2006-11-28, 2005-09-07",,5875.0,0.0,pop not found,keep,,,,,
"UPENN CSF Biomarker Master Alzbio3 (BATCH1-8) [ADNI1,GO,2] ",UPENNBIOMK_MASTER,Visit,VISCODE,,<class 'str'>,"bl, m12, m24, m48, m60, m84, m36, m72",,5875.0,0.0,pop not found,keep,,,,,
"UPENN CSF Biomarker Master Alzbio3 (BATCH1-8) [ADNI1,GO,2] ",UPENNBIOMK_MASTER,Abeta,ABETA,AlzBio3,<class 'numpy.float64'>,,"374.0, 40.5",5856.0,19.0,pop not found,keep,predittore,intervallo,,,
"UPENN CSF Biomarker Master Alzbio3 (BATCH1-8) [ADNI1,GO,2] ",UPENNBIOMK_MASTER,Tau,TAU,AlzBio3,<class 'numpy.float64'>,,"495.0, 13.0",5787.0,88.0,pop not found,keep,predittore,intervallo,,,
"UPENN CSF Biomarker Master Alzbio3 (BATCH1-8) [ADNI1,GO,2] ",UPENNBIOMK_MASTER,Tau,PTAU,AlzBio3,<class 'numpy.float64'>,,"213.0, 6.9",5846.0,29.0,pop not found,keep,predittore,intervallo,,,
"UPENN - 2D-UPLC tandem mass spectrometry measurement of  Abeta42,  Abeta40 and Abeta38 adjustment of Abeta42 results to CRM. [ADNI1,GO,2] ",UPENN_2DUPLC_CRM,ID,RID,,<class 'numpy.int64'>,,"5296.0, 31.0",1445.0,0.0,pop not found,keep,,,,,
"UPENN - 2D-UPLC tandem mass spectrometry measurement of  Abeta42,  Abeta40 and Abeta38 adjustment of Abeta42 results to CRM. [ADNI1,GO,2] ",UPENN_2DUPLC_CRM,Visit,VISCODE2,,<class 'str'>,"bl, m12, m24, m48, m60",,1445.0,0.0,pop not found,keep,,,,,
"UPENN - 2D-UPLC tandem mass spectrometry measurement of  Abeta42,  Abeta40 and Abeta38 adjustment of Abeta42 results to CRM. [ADNI1,GO,2] ",UPENN_2DUPLC_CRM,Visit,EXAMDATE,,<class 'str'>,"2005-10-24, 2006-10-30, 2008-08-07, 2009-10-22, 2010-12-14",,1445.0,0.0,pop not found,keep,,,,,
"UPENN - 2D-UPLC tandem mass spectrometry measurement of  Abeta42,  Abeta40 and Abeta38 adjustment of Abeta42 results to CRM. [ADNI1,GO,2] ",UPENN_2DUPLC_CRM,Abeta,ABETA40,2DUPLC_massospectometry,<class 'numpy.int64'>,,"19252.0, 2709.0",1445.0,0.0,pop not found,keep,predittore,intervallo,,,
"UPENN - 2D-UPLC tandem mass spectrometry measurement of  Abeta42,  Abeta40 and Abeta38 adjustment of Abeta42 results to CRM. [ADNI1,GO,2] ",UPENN_2DUPLC_CRM,Abeta,ABETA42CRM,2DUPLC_massospectometry,<class 'numpy.int64'>,,"3359.0, 199.0",1445.0,0.0,pop not found,keep,predittore,intervallo,,,
UPENN - Hierarchical Parcellation of MRI Using Multi-atlas Labeling Methods [ADNI1],UPENN_ROI_MARS,ID,RID,,<class 'numpy.int64'>,None,"1435.0, 2.0",840.0,0.0,pop not found,keep,,,,,
UPENN - Hierarchical Parcellation of MRI Using Multi-atlas Labeling Methods [ADNI1],UPENN_ROI_MARS,Visit,VISCODE,,<class 'str'>,sc,None,840.0,0.0,pop not found,keep,,,,,
UPENN - Hierarchical Parcellation of MRI Using Multi-atlas Labeling Methods [ADNI1],UPENN_ROI_MARS,Visit,EXAMDATE,,<class 'str'>,"2005-08-26, 2005-09-01, 2005-09-22, 2005-09-02, 2005-11-15",None,840.0,0.0,pop not found,keep,,,,,
UPENN - Hierarchical Parcellation of MRI Using Multi-atlas Labeling Methods [ADNI1],UPENN_ROI_MARS,Other,IMAGE_UID,,<class 'str'>,"I35475, I32237, I64631, I32246, I33025",None,840.0,0.0,pop not found,keep,,,,,
UPENN - Hierarchical Parcellation of MRI Using Multi-atlas Labeling Methods [ADNI1],UPENN_ROI_MARS,Other,STATUS,,<class 'str'>,COMPLETE,None,840.0,0.0,pop not found,keep,,,,,
UPENN - Hierarchical Parcellation of MRI Using Multi-atlas Labeling Methods [ADNI1],UPENN_ROI_MARS,Volume,R702,mm3,<class 'numpy.int64'>,None,"2013350.0, 1154010.0",840.0,0.0,pop not found,keep,predittore,volume,,,
UPENN - Hierarchical Parcellation of MRI Using Multi-atlas Labeling Methods [ADNI1],UPENN_ROI_MARS,Volume,R525,mm3,<class 'numpy.float64'>,None,"73404.5, 3174.13",840.0,0.0,pop not found,keep,predittore,volume,,,
UPENN - Hierarchical Parcellation of MRI Using Multi-atlas Labeling Methods [ADNI1],UPENN_ROI_MARS,Volume,R517,mm3,<class 'numpy.float64'>,None,"88955.7, 4038.95",840.0,0.0,pop not found,keep,predittore,volume,,,
UPENN - Hierarchical Parcellation of MRI Using Multi-atlas Labeling Methods [ADNI1],UPENN_ROI_MARS,Volume,R122,mm3,<class 'numpy.float64'>,None,"10880.2, 4306.12",840.0,0.0,pop not found,keep,predittore,volume,,,
UPENN - Hierarchical Parcellation of MRI Using Multi-atlas Labeling Methods [ADNI1],UPENN_ROI_MARS,Volume,R123,mm3,<class 'numpy.float64'>,None,"10508.7, 4235.04",840.0,0.0,pop not found,keep,predittore,volume,,,
UPENN - Hierarchical Parcellation of MRI Using Multi-atlas Labeling Methods [ADNI1],UPENN_ROI_MARS,Volume,R116,mm3,<class 'numpy.float64'>,None,"3273.67, 852.971",840.0,0.0,pop not found,keep,predittore,volume,,,
UPENN - Hierarchical Parcellation of MRI Using Multi-atlas Labeling Methods [ADNI1],UPENN_ROI_MARS,Volume,R117,mm3,<class 'numpy.float64'>,None,"3432.84, 681.533",840.0,0.0,pop not found,keep,predittore,volume,,,
UPENN - Hierarchical Parcellation of MRI Using Multi-atlas Labeling Methods [ADNI1],UPENN_ROI_MARS,Volume,R47,mm3,<class 'numpy.float64'>,None,"5501.21, 1892.33",840.0,0.0,pop not found,keep,predittore,volume,,,
UPENN - Hierarchical Parcellation of MRI Using Multi-atlas Labeling Methods [ADNI1],UPENN_ROI_MARS,Volume,R48,mm3,<class 'numpy.float64'>,None,"5231.3, 1833.76",840.0,0.0,pop not found,keep,predittore,volume,,,
"ApoE Genotyping - Results [ADNI1,GO,2,3,4]",APOERES,Cohort,PHASE,,<class 'str'>,"ADNI1, ADNIGO, ADNI2, ADNI3, ADNI4",,2866.0,0.0,,keep,,,,,
"ApoE Genotyping - Results [ADNI1,GO,2,3,4]",APOERES,ID,RID,,<class 'numpy.int64'>,,"10566.0, 2.0",2866.0,0.0,,keep,,,,,
"ApoE Genotyping - Results [ADNI1,GO,2,3,4]",APOERES,Visit,VISCODE,,<class 'str'>,"sc, f, nan",,1159.0,1707.0,"ADNIGO, ADNI2, ADNI3, ADNI4",drop,,,,,
"ApoE Genotyping - Results [ADNI1,GO,2,3,4]",APOERES,APOE,GENOTYPE,,<class 'str'>,"3/3, 3/4, 2/3, 4/4, 2/4, 2/2",,2866.0,0.0,,keep,cofattore,,,,
"Functional Activities Questionnaire (FAQ) [ADNI1,GO,2,3,4]",FAQ,Cohort,PHASE,,<class 'str'>,"ADNI1, ADNIGO, ADNI2, ADNI3, ADNI4",,13251.0,0.0,,keep,,,,,
"Functional Activities Questionnaire (FAQ) [ADNI1,GO,2,3,4]",FAQ,ID,RID,,<class 'numpy.int64'>,,"10898.0, 2.0",13251.0,0.0,,keep,,,,,
"Functional Activities Questionnaire (FAQ) [ADNI1,GO,2,3,4]",FAQ,Visit,VISCODE2,,<class 'str'>,"bl, m06, m12, m18, uns1",,13245.0,6.0,,keep,,,,,
"Functional Activities Questionnaire (FAQ) [ADNI1,GO,2,3,4]",FAQ,Visit,VISDATE,,<class 'str'>,"2005-09-08, 2005-09-07, 2005-09-12, 2005-09-19, 2005-10-06",,13244.0,7.0,,keep,,,,,
"Functional Activities Questionnaire (FAQ) [ADNI1,GO,2,3,4]",FAQ,FAQ,FAQTOTAL,,<class 'numpy.float64'>,,"30.0, -1.0",13046.0,205.0,,keep,predittore,scala,,,
"ADAS-Cognitive Behavior [ADNI1,GO,2,3,4]",ADAS,Cohort,PHASE,,<class 'str'>,"ADNI1, ADNIGO, ADNI2, ADNI3, ADNI4",,12849.0,0.0,,keep,,,,,
"ADAS-Cognitive Behavior [ADNI1,GO,2,3,4]",ADAS,ID,RID,,<class 'numpy.int64'>,,"10898.0, 2.0",12849.0,0.0,,keep,,,,,
"ADAS-Cognitive Behavior [ADNI1,GO,2,3,4]",ADAS,Visit,VISCODE2,,<class 'str'>,"m12, m06, bl, m24, m36",,12835.0,14.0,,keep,,,,,
"ADAS-Cognitive Behavior [ADNI1,GO,2,3,4]",ADAS,Visit,VISDATE,,<class 'str'>,"2008-07-28, 2008-02-05, 2007-07-30, 2008-03-25, 2007-08-08",,12831.0,18.0,,keep,,,,,
"ADAS-Cognitive Behavior [ADNI1,GO,2,3,4]",ADAS,ADAS,TOTSCORE,,<class 'numpy.float64'>,,"70.0, 0.0",12650.0,199.0,,keep,predittore,scala,,,
"ADAS-Cognitive Behavior [ADNI1,GO,2,3,4]",ADAS,ADAS,TOTAL13,,<class 'numpy.float64'>,,"85.0, 0.0",12547.0,302.0,,keep,predittore,scala,,,
"Clinical Dementia Rating [ADNI1,GO,2,3,4]",CDR,Cohort,PHASE,,<class 'str'>,"ADNI1, ADNIGO, ADNI2, ADNI3, ADNI4",,14598.0,0.0,,keep,,,,,
"Clinical Dementia Rating [ADNI1,GO,2,3,4]",CDR,ID,RID,,<class 'numpy.int64'>,,"10898.0, 2.0",14598.0,0.0,,keep,,,,,
"Clinical Dementia Rating [ADNI1,GO,2,3,4]",CDR,Visit,VISCODE2,,<class 'str'>,"sc, f, m06, m12, m36",,14590.0,8.0,,keep,,,,,
"Clinical Dementia Rating [ADNI1,GO,2,3,4]",CDR,Visit,VISDATE,,<class 'str'>,"2005-08-17, 2005-08-18, 2005-08-23, 2005-08-25, 2005-08-26",,14591.0,7.0,,keep,,,,,
"Clinical Dementia Rating [ADNI1,GO,2,3,4]",CDR,CDR,CDGLOBAL,,<class 'numpy.float64'>,"0.0, 1.0, 0.5, 2.0, -1.0, 3.0, nan","3.0, -1.0",14484.0,114.0,,keep,predittore,scala,,,
"Clinical Dementia Rating [ADNI1,GO,2,3,4]",CDR,CDR,CDRSB,,<class 'numpy.float64'>,,"18.0, 0.0",14353.0,245.0,,keep,predittore,scala,,,
"Montreal Cognitive Assessment (MoCA) [ADNIGO,2,3,4]",MOCA,Cohort,PHASE,,<class 'str'>,"ADNIGO, ADNI2, ADNI3, ADNI4",,8944.0,0.0,ADNI1,keep,,,,,
"Montreal Cognitive Assessment (MoCA) [ADNIGO,2,3,4]",MOCA,ID,RID,,<class 'numpy.int64'>,,"10898.0, 2.0",8944.0,0.0,ADNI1,keep,,,,,
"Montreal Cognitive Assessment (MoCA) [ADNIGO,2,3,4]",MOCA,Visit,VISCODE2,,<class 'str'>,"m48, m36, bl, m60, m06",,8940.0,4.0,ADNI1,keep,,,,,
"Montreal Cognitive Assessment (MoCA) [ADNIGO,2,3,4]",MOCA,Visit,VISDATE,,<class 'str'>,"2010-04-21, 2010-05-12, 2010-05-14, 2010-06-24, 2010-06-25",,8937.0,7.0,ADNI1,keep,,,,,
"Montreal Cognitive Assessment (MoCA) [ADNIGO,2,3,4]",MOCA,MOCA,MOCA,,<class 'numpy.float64'>,,"30.0, 1.0",3689.0,5255.0,"ADNI1, ADNIGO, ADNI2",drop,predittore,scala,,,
