file_name,file_code,parameter,orig_variable_code,variable_code,Unit,type_variable,classes,range,valid_values,missing_values,missing_pop,del,metadati_fattori,metadati_normalizzazione
Key ADNI tables merged into one table,ADNIMERGE,ID,PTID,PTID,,<class 'str'>,"011_S_0002, 011_S_0003, 022_S_0004, 011_S_0005, 100_S_0006",,11135.0,0.0,ADNI4,True,,
Key ADNI tables merged into one table,ADNIMERGE,ID,RID,RID,,<class 'numpy.int64'>,,"7088.0, 2.0",11135.0,0.0,ADNI4,True,,
Key ADNI tables merged into one table,ADNIMERGE,Cohort,COLPROT,COHORT,,<class 'str'>,"ADNI1, ADNIGO, ADNI2, ADNI3",,11135.0,0.0,ADNI4,True,,
Key ADNI tables merged into one table,ADNIMERGE,visit,EXAMDATE,EXAMDATE,,<class 'str'>,"2005-09-08, 2006-03-06, 2008-08-27, 2010-09-22, 2011-09-19",,11135.0,0.0,ADNI4,True,,
Key ADNI tables merged into one table,ADNIMERGE,Age,AGE,AGE,,<class 'numpy.float64'>,,"97.8, 55.0",11129.0,6.0,ADNI4,True,cofattore,
Key ADNI tables merged into one table,ADNIMERGE,Education,PTEDUCAT,EDUCAT,,<class 'numpy.int64'>,,"20.0, 4.0",11135.0,0.0,ADNI4,True,cofattore,
Key ADNI tables merged into one table,ADNIMERGE,APOE,APOE4,APOE4,,<class 'numpy.float64'>,"0.0, 1.0, 2.0, nan","2.0, 0.0",10990.0,145.0,ADNI4,True,predittore,intervallo
Key ADNI tables merged into one table,ADNIMERGE,CDR,CDRSB,CDRSB,,<class 'numpy.float64'>,,"18.0, 0.0",10986.0,149.0,ADNI4,True,predittore,scala
Key ADNI tables merged into one table,ADNIMERGE,ADAS,ADAS11,ADAS11,,<class 'numpy.float64'>,,"70.0, 0.0",11036.0,99.0,ADNI4,True,predittore,scala
Key ADNI tables merged into one table,ADNIMERGE,ADAS,ADAS13,ADAS13,,<class 'numpy.float64'>,,"85.0, 0.0",10937.0,198.0,ADNI4,True,predittore,scala
Key ADNI tables merged into one table,ADNIMERGE,MMSE,MMSE,MMSE,,<class 'numpy.float64'>,,"30.0, 0.0",11067.0,68.0,ADNI4,True,predittore,scala
Key ADNI tables merged into one table,ADNIMERGE,RAVLT ,RAVLT_immediate,RAVLT_immediate,,<class 'numpy.float64'>,,"75.0, 0.0",10951.0,184.0,ADNI4,True,predittore,scala
Key ADNI tables merged into one table,ADNIMERGE,FAQ,FAQ,FAQ,,<class 'numpy.float64'>,,"30.0, 0.0",10975.0,160.0,ADNI4,True,predittore,scala
Key ADNI tables merged into one table,ADNIMERGE,Volume,Ventricles,Ventricles,,<class 'numpy.float64'>,,"162729.0, 5650.0",8458.0,2677.0,ADNI4,True,predittore,volume
Key ADNI tables merged into one table,ADNIMERGE,Volume,Hippocampus,Hippocampus,,<class 'numpy.float64'>,,"11207.0, 2219.0",7874.0,3261.0,ADNI4,True,predittore,volume
Key ADNI tables merged into one table,ADNIMERGE,Volume,Entorhinal,Entorhinal,,<class 'numpy.float64'>,,"7062.0, 976.0",7488.0,3647.0,ADNI4,True,predittore,volume
Key ADNI tables merged into one table,ADNIMERGE,Volume,Fusiform,Fusiform,,<class 'numpy.float64'>,,"29950.0, 7739.0",7488.0,3647.0,ADNI4,True,predittore,volume
Key ADNI tables merged into one table,ADNIMERGE,Volume,MidTemp,MidTemp,,<class 'numpy.float64'>,,"32324.0, 8044.0",7488.0,3647.0,ADNI4,True,,volume
Key ADNI tables merged into one table,ADNIMERGE,Volume,ICV,ICV,,<class 'numpy.float64'>,,"3500150.0, 716133.0",9023.0,2112.0,ADNI4,True,,
Key ADNI tables merged into one table,ADNIMERGE,Age,Age,AGE_bl,,<class 'numpy.float64'>,,"91.4, 55.0",11129.0,6.0,ADNI4,True,,
Key ADNI tables merged into one table,ADNIMERGE,Visit,Visit,VISIT_MONTH,,<class 'numpy.int64'>,,"204.0, 0.0",11135.0,0.0,ADNI4,True,,
Key ADNI tables merged into one table,ADNIMERGE,Sex,['PTGENDER'],GENDER/female,,<class 'numpy.bool'>,"False, True",,11135.0,0.0,ADNI4,True,cofattore,
Key ADNI tables merged into one table,ADNIMERGE,Sex,['PTGENDER'],GENDER/male,,<class 'numpy.bool'>,"True, False",,11135.0,0.0,ADNI4,True,cofattore,
Key ADNI tables merged into one table,ADNIMERGE,Marry,['PTMARRY'],MARRY/divorced,,<class 'numpy.bool'>,"False, True",,11135.0,0.0,ADNI4,True,cofattore,
Key ADNI tables merged into one table,ADNIMERGE,Marry,['PTMARRY'],MARRY/married,,<class 'numpy.bool'>,"True, False",,11135.0,0.0,ADNI4,True,cofattore,
Key ADNI tables merged into one table,ADNIMERGE,Marry,['PTMARRY'],MARRY/single,,<class 'numpy.bool'>,"False, True",,11135.0,0.0,ADNI4,True,cofattore,
Key ADNI tables merged into one table,ADNIMERGE,Marry,['PTMARRY'],MARRY/widowed,,<class 'numpy.bool'>,"False, True",,11135.0,0.0,ADNI4,True,cofattore,
Key ADNI tables merged into one table,ADNIMERGE,Ethnicity,['PTETHCAT'],ETHNICITY/latino,,<class 'numpy.bool'>,"False, True",,11135.0,0.0,ADNI4,True,cofattore,
Key ADNI tables merged into one table,ADNIMERGE,Ethnicity,['PTETHCAT'],ETHNICITY/not_latino,,<class 'numpy.bool'>,"True, False",,11135.0,0.0,ADNI4,True,cofattore,
Key ADNI tables merged into one table,ADNIMERGE,Ethnicity,['PTRACCAT'],RACE/Asian,,<class 'numpy.bool'>,"False, True",,11135.0,0.0,ADNI4,True,cofattore,
Key ADNI tables merged into one table,ADNIMERGE,Ethnicity,['PTRACCAT'],RACE/Black,,<class 'numpy.bool'>,"False, True",,11135.0,0.0,ADNI4,True,cofattore,
Key ADNI tables merged into one table,ADNIMERGE,Ethnicity,['PTRACCAT'],RACE/Mixed,,<class 'numpy.bool'>,"False, True",,11135.0,0.0,ADNI4,True,cofattore,
Key ADNI tables merged into one table,ADNIMERGE,Ethnicity,['PTRACCAT'],RACE/Native_american,,<class 'numpy.bool'>,"False, True",,11135.0,0.0,ADNI4,True,cofattore,
Key ADNI tables merged into one table,ADNIMERGE,Ethnicity,['PTRACCAT'],RACE/White,,<class 'numpy.bool'>,"True, False",,11135.0,0.0,ADNI4,True,cofattore,
Key ADNI tables merged into one table,ADNIMERGE,Diagnosi,['DX'],DX/CN,,<class 'numpy.bool'>,"True, False",,11135.0,0.0,ADNI4,True,,
Key ADNI tables merged into one table,ADNIMERGE,Diagnosi,['DX'],DX/Dementia,,<class 'numpy.bool'>,"False, True",,11135.0,0.0,ADNI4,True,,
Key ADNI tables merged into one table,ADNIMERGE,Diagnosi,['DX'],DX/MCI,,<class 'numpy.bool'>,"False, True",,11135.0,0.0,ADNI4,True,,
ADSP Phenotype Harmonization Consortium (PHC) - Composite Biomarker Scores,ADSP_PHC_BIOMARKER,ID,PTID,PTID,,<class 'str'>,"011_S_0003, 022_S_0004, 011_S_0005, 011_S_0008, 011_S_0010",,1245.0,0.0,"ADNI3, ADNI4",True,,
ADSP Phenotype Harmonization Consortium (PHC) - Composite Biomarker Scores,ADSP_PHC_BIOMARKER,ID,RID,RID,,<class 'numpy.int64'>,,"5296.0, 3.0",1245.0,0.0,"ADNI3, ADNI4",True,,
ADSP Phenotype Harmonization Consortium (PHC) - Composite Biomarker Scores,ADSP_PHC_BIOMARKER,Cohort,PHASE,COHORT,,<class 'str'>,"ADNI1, ADNIGO, ADNI2",,1245.0,0.0,"ADNI3, ADNI4",True,,
ADSP Phenotype Harmonization Consortium (PHC) - Composite Biomarker Scores,ADSP_PHC_BIOMARKER,Visit,DRAWDATE,EXAMDATE,,<class 'str'>,"2006-09-13, 2006-11-28, 2006-09-06, 2006-09-20, 2006-11-10",,1245.0,0.0,"ADNI3, ADNI4",True,,
ADSP Phenotype Harmonization Consortium (PHC) - Composite Biomarker Scores,ADSP_PHC_BIOMARKER,Education,PHC_Education,EDUCAT,,<class 'numpy.int64'>,,"20.0, 4.0",1245.0,0.0,"ADNI3, ADNI4",True,cofattore,
ADSP Phenotype Harmonization Consortium (PHC) - Composite Biomarker Scores,ADSP_PHC_BIOMARKER,Tau,PHC_Tau,PHC_Tau,,<class 'numpy.float64'>,,"2.66834693328626, -2.75390285653023",1212.0,33.0,"ADNI3, ADNI4",True,predittore,intervallo
ADSP Phenotype Harmonization Consortium (PHC) - Composite Biomarker Scores,ADSP_PHC_BIOMARKER,Visit,PHC_Visit,PHC_Visit,,<class 'numpy.float64'>,,"10.0, 1.0",1243.0,2.0,"ADNI3, ADNI4",True,,
ADSP Phenotype Harmonization Consortium (PHC) - Composite Biomarker Scores,ADSP_PHC_BIOMARKER,Tau,PHC_pTau,PHC_pTau,,<class 'numpy.float64'>,,"2.95236525879149, -2.97667099545672",1238.0,7.0,"ADNI3, ADNI4",True,predittore,intervallo
ADSP Phenotype Harmonization Consortium (PHC) - Composite Biomarker Scores,ADSP_PHC_BIOMARKER,Abeta,PHC_AB42,PHC_AB42,,<class 'numpy.float64'>,,"2.62575583932457, -2.50491980032413",1242.0,3.0,"ADNI3, ADNI4",True,predittore,intervallo
ADSP Phenotype Harmonization Consortium (PHC) - Composite Biomarker Scores,ADSP_PHC_BIOMARKER,Abeta,PHC_SCeNS_AB42_Score,PHC_SCeNS_AB42_Score,,<class 'numpy.float64'>,,"93.9784578531717, -62.6428271053293",1236.0,9.0,"ADNI3, ADNI4",True,predittore,intervallo
ADSP Phenotype Harmonization Consortium (PHC) - Composite Biomarker Scores,ADSP_PHC_BIOMARKER,Tau,PHC_SCeNS_pTau_Score,PHC_SCeNS_pTau_Score,,<class 'numpy.float64'>,,"93.6386452771735, -100.0",1236.0,9.0,"ADNI3, ADNI4",True,predittore,intervallo
ADSP Phenotype Harmonization Consortium (PHC) - Composite Biomarker Scores,ADSP_PHC_BIOMARKER,AT,AT_class,AT_class,,<class 'numpy.float64'>,"2.0, 0.0, 3.0, 1.0, nan","3.0, 0.0",1236.0,9.0,"ADNI3, ADNI4",True,,
ADSP Phenotype Harmonization Consortium (PHC) - Composite Biomarker Scores,ADSP_PHC_BIOMARKER,Age,PHC_Age_Biomarker,AGE,,<class 'numpy.float64'>,,"95.76, 54.76",1245.0,0.0,"ADNI3, ADNI4",True,,
ADSP Phenotype Harmonization Consortium (PHC) - Composite Biomarker Scores,ADSP_PHC_BIOMARKER,,Visit,VISIT_MONTH,,<class 'numpy.int64'>,0,"0.0, 0.0",1245.0,0.0,"ADNI3, ADNI4",True,,
ADSP Phenotype Harmonization Consortium (PHC) - Composite Biomarker Scores,ADSP_PHC_BIOMARKER,Sex,['PHC_Sex'],GENDER/female,,<class 'numpy.bool'>,"False, True",,1245.0,0.0,"ADNI3, ADNI4",True,cofattore,
ADSP Phenotype Harmonization Consortium (PHC) - Composite Biomarker Scores,ADSP_PHC_BIOMARKER,Sex,['PHC_Sex'],GENDER/male,,<class 'numpy.bool'>,"True, False",,1245.0,0.0,"ADNI3, ADNI4",True,cofattore,
ADSP Phenotype Harmonization Consortium (PHC) - Composite Biomarker Scores,ADSP_PHC_BIOMARKER,Ethnicity,['PHC_Ethnicity'],ETHNICITY/latino,,<class 'numpy.bool'>,"False, True",,1245.0,0.0,"ADNI3, ADNI4",True,cofattore,
ADSP Phenotype Harmonization Consortium (PHC) - Composite Biomarker Scores,ADSP_PHC_BIOMARKER,Ethnicity,['PHC_Ethnicity'],ETHNICITY/not_latino,,<class 'numpy.bool'>,"True, False",,1245.0,0.0,"ADNI3, ADNI4",True,cofattore,
ADSP Phenotype Harmonization Consortium (PHC) - Composite Biomarker Scores,ADSP_PHC_BIOMARKER,Ethnicity,['PHC_Race'],RACE/Asian,,<class 'numpy.bool'>,"False, True",,1245.0,0.0,"ADNI3, ADNI4",True,cofattore,
ADSP Phenotype Harmonization Consortium (PHC) - Composite Biomarker Scores,ADSP_PHC_BIOMARKER,Ethnicity,['PHC_Race'],RACE/Black,,<class 'numpy.bool'>,"False, True",,1245.0,0.0,"ADNI3, ADNI4",True,cofattore,
ADSP Phenotype Harmonization Consortium (PHC) - Composite Biomarker Scores,ADSP_PHC_BIOMARKER,Ethnicity,['PHC_Race'],RACE/Native_american,,<class 'numpy.bool'>,"False, True",,1245.0,0.0,"ADNI3, ADNI4",True,cofattore,
ADSP Phenotype Harmonization Consortium (PHC) - Composite Biomarker Scores,ADSP_PHC_BIOMARKER,Ethnicity,['PHC_Race'],RACE/White,,<class 'numpy.bool'>,"True, False",,1245.0,0.0,"ADNI3, ADNI4",True,cofattore,
ADSP Phenotype Harmonization Consortium (PHC) - Composite Biomarker Scores,ADSP_PHC_BIOMARKER,Diagnosi,['PHC_Diagnosis'],DX/CN,,<class 'numpy.bool'>,"False, True",,1245.0,0.0,"ADNI3, ADNI4",True,,
ADSP Phenotype Harmonization Consortium (PHC) - Composite Biomarker Scores,ADSP_PHC_BIOMARKER,Diagnosi,['PHC_Diagnosis'],DX/Dementia,,<class 'numpy.bool'>,"True, False",,1245.0,0.0,"ADNI3, ADNI4",True,,
ADSP Phenotype Harmonization Consortium (PHC) - Composite Biomarker Scores,ADSP_PHC_BIOMARKER,Diagnosi,['PHC_Diagnosis'],DX/MCI,,<class 'numpy.bool'>,"False, True",,1245.0,0.0,"ADNI3, ADNI4",True,,
Diagnostic Summary - Baseline Changes,BLCHANGE,ID,PTID,PTID,,<class 'str'>,"023_S_0030, 023_S_0031, 100_S_0015, 022_S_0007, 011_S_0002",,9125.0,0.0,,True,,
Diagnostic Summary - Baseline Changes,BLCHANGE,Cohort,PHASE,COHORT,,<class 'str'>,"ADNI1, ADNIGO, ADNI2, ADNI3, ADNI4",,9125.0,0.0,,True,,
Diagnostic Summary - Baseline Changes,BLCHANGE,ID,RID,RID,,<class 'numpy.int64'>,,"7121.0, 2.0",9125.0,0.0,,True,,
Diagnostic Summary - Baseline Changes,BLCHANGE,Visit,EXAMDATE,EXAMDATE,,<class 'str'>,"2006-04-13, 2006-10-12, 2007-05-07, 2007-11-13, 2008-11-26",,9124.0,1.0,,True,,
Diagnostic Summary - Baseline Changes,BLCHANGE,ADAS,BCADAS,ADAS,,<class 'numpy.float64'>,"0.0, 1.0, nan, -1.0","1.0, -1.0",9107.0,18.0,,True,predittore,scala
Diagnostic Summary - Baseline Changes,BLCHANGE,MMSE,BCMMSE,MMSE,,<class 'numpy.float64'>,"1.0, 0.0, nan, -1.0","1.0, -1.0",9119.0,6.0,,True,predittore,scala
Diagnostic Summary - Baseline Changes,BLCHANGE,MMSE,BCMMSREC,MMSREC,,<class 'numpy.float64'>,"1.0, 0.0, nan, -1.0","1.0, -1.0",9118.0,7.0,,True,predittore,scala
Diagnostic Summary - Baseline Changes,BLCHANGE,MMSE,BCNMMMS,BCNMMMS,,<class 'numpy.float64'>,"1.0, 0.0, nan, -1.0","1.0, -1.0",9116.0,9.0,,True,predittore,scala
Diagnostic Summary - Baseline Changes,BLCHANGE,Other,BCNEUPSY,BCNEUPSY,,<class 'numpy.float64'>,"1.0, 0.0, nan, -1.0","1.0, -1.0",9110.0,15.0,,True,predittore,
Diagnostic Summary - Baseline Changes,BLCHANGE,Other,BCNONMEM,BCNONMEM,,<class 'numpy.float64'>,"0.0, 1.0, nan, -1.0","1.0, -1.0",9109.0,16.0,,True,predittore,
Diagnostic Summary - Baseline Changes,BLCHANGE,FAQ,BCFAQ,FAQ,,<class 'numpy.float64'>,"0.0, 1.0, nan, -1.0","1.0, -1.0",9097.0,28.0,,True,predittore,scala
Diagnostic Summary - Baseline Changes,BLCHANGE,Other,BCDEPRES,BCDEPRES,,<class 'numpy.float64'>,"0.0, 1.0, nan","1.0, 0.0",9121.0,4.0,,True,predittore,
Diagnostic Summary - Baseline Changes,BLCHANGE,Other,BCSTROKE,BCSTROKE,,<class 'numpy.float64'>,"0.0, 1.0, nan","1.0, 0.0",9124.0,1.0,,True,predittore,
Diagnostic Summary - Baseline Changes,BLCHANGE,CDR,BCCDR,CDR,,<class 'numpy.float64'>,"1.0, 0.0, nan, -1.0","1.0, -1.0",9075.0,50.0,,True,predittore,scala
Diagnostic Summary - Baseline Changes,BLCHANGE,Visit,,VISIT_MONTH,,<class 'numpy.float64'>,,"225.0, 0.0",9124.0,1.0,,True,,
Participant Demographic Information,PTDEMOG,ID,PTID,PTID,,<class 'str'>,"011_S_0002, 022_S_0001, 011_S_0003, 022_S_0004, 011_S_0005",,5983.0,0.0,,True,,
Participant Demographic Information,PTDEMOG,Cohort,PHASE,COHORT,,<class 'str'>,"ADNI1, ADNIGO, ADNI2, ADNI4, ADNI3",,5983.0,0.0,,True,,
Participant Demographic Information,PTDEMOG,ID,RID,RID,,<class 'numpy.int64'>,,"10898.0, 1.0",5983.0,0.0,,True,,
Participant Demographic Information,PTDEMOG,Visit,VISDATE,VISDATE,,<class 'str'>,"2005-08-17, 2010-09-22, 2011-09-19, 2005-08-18, 2005-08-23",,5980.0,3.0,,True,,
Participant Demographic Information,PTDEMOG,Age,PTDOB,PTDOB,,<class 'str'>,"04/1931, 12/1944, 05/1924, 01/1938, 12/1931",,5980.0,3.0,,True,,
Participant Demographic Information,PTDEMOG,Education,PTEDUCAT,EDUCAT,,<class 'numpy.float64'>,,"20.0, 3.0",5958.0,25.0,,True,cofattore,
Participant Demographics,PTDEMOG,Age,PTDOBYY,PTDOBYY,,<class 'numpy.float64'>,,"1971.0, 1915.0",5980.0,3.0,,True,,
Participant Demographic Information,PTDEMOG,,,AGE,,<class 'numpy.float64'>,,"104.0, 50.0",5978.0,5.0,,True,,
Participant Demographic Information,PTDEMOG,,,VISIT_MONTH,,<class 'numpy.float64'>,,"226.0, 0.0",5980.0,3.0,,True,,
Participant Demographic Information,PTDEMOG,Sex,['PTGENDER'],GENDER/female,,<class 'numpy.bool'>,"False, True",,5983.0,0.0,,True,cofattore,
Participant Demographic Information,PTDEMOG,Sex,['PTGENDER'],GENDER/male,,<class 'numpy.bool'>,"True, False",,5983.0,0.0,,True,cofattore,
Participant Demographic Information,PTDEMOG,Marry,['PTMARRY'],MARRY/divorced,,<class 'numpy.bool'>,"False, True",,5983.0,0.0,,True,cofattore,
Participant Demographic Information,PTDEMOG,Marry,['PTMARRY'],MARRY/married,,<class 'numpy.bool'>,"True, False",,5983.0,0.0,,True,cofattore,
Participant Demographic Information,PTDEMOG,Marry,['PTMARRY'],MARRY/single,,<class 'numpy.bool'>,"False, True",,5983.0,0.0,,True,cofattore,
Participant Demographic Information,PTDEMOG,Marry,['PTMARRY'],MARRY/widowed,,<class 'numpy.bool'>,"False, True",,5983.0,0.0,,True,cofattore,
Participant Demographic Information,PTDEMOG,Ethnicity,['PTETHCAT'],ETHNICITY/latino,,<class 'numpy.bool'>,"False, True",,5983.0,0.0,,True,cofattore,
Participant Demographic Information,PTDEMOG,Ethnicity,['PTETHCAT'],ETHNICITY/not_latino,,<class 'numpy.bool'>,"True, False",,5983.0,0.0,,True,cofattore,
Participant Demographic Information,PTDEMOG,Ethnicity,['PTRACCAT'],RACE/Asian,,<class 'numpy.bool'>,"False, True",,5983.0,0.0,,True,cofattore,
Participant Demographic Information,PTDEMOG,Ethnicity,['PTRACCAT'],RACE/Black,,<class 'numpy.bool'>,"False, True",,5983.0,0.0,,True,cofattore,
Participant Demographic Information,PTDEMOG,Ethnicity,['PTRACCAT'],RACE/Mixed,,<class 'numpy.bool'>,"False, True",,5983.0,0.0,,True,cofattore,
Participant Demographic Information,PTDEMOG,Ethnicity,['PTRACCAT'],RACE/Native_american,,<class 'numpy.bool'>,"False, True",,5983.0,0.0,,True,cofattore,
Participant Demographic Information,PTDEMOG,Ethnicity,['PTRACCAT'],RACE/White,,<class 'numpy.bool'>,"True, False",,5983.0,0.0,,True,cofattore,
Mini Mental State Exam,MMSE,ID,PTID,PTID,,<class 'str'>,"011_S_0002, 011_S_0003, 022_S_0004, 011_S_0005, 022_S_0007",,11848.0,0.0,,True,,
Mini Mental State Exam,MMSE,Cohort,PHASE,COHORT,,<class 'str'>,"ADNI1, ADNIGO, ADNI2, ADNI3, ADNI4",,11848.0,0.0,,True,,
Mini Mental State Exam,MMSE,ID,RID,RID,,<class 'numpy.int64'>,,"10151.0, 2.0",11848.0,0.0,,True,,
Mini Mental State Exam,MMSE,Visit,VISDATE,VISDATE,,<class 'str'>,"2005-08-17, 2006-03-06, 2008-08-27, 2010-09-22, 2011-09-19",,11845.0,3.0,,True,,
Mini Mental State Exam,MMSE,MMSE,MMSCORE,MMSE,,<class 'numpy.float64'>,,"30.0, -1.0",11848.0,0.0,,True,predittore,scala
Mini Mental State Exam,MMSE,Visit,,VISIT_MONTH,,<class 'numpy.float64'>,,"232.0, 0.0",11845.0,3.0,,True,,
Diagnostic Summary,DXSUM,ID,PTID,PTID,,<class 'str'>,"011_S_0002, 011_S_0005, 011_S_0008, 100_S_0015, 023_S_0031",,2697.0,0.0,"ADNIGO, ADNI2, ADNI3, ADNI4",True,,
Diagnostic Summary,DXSUM,Cohort,PHASE,COHORT,,<class 'str'>,ADNI1,,2697.0,0.0,"ADNIGO, ADNI2, ADNI3, ADNI4",True,,
Diagnostic Summary,DXSUM,ID,RID,RID,,<class 'numpy.int64'>,,"1427.0, 2.0",2697.0,0.0,"ADNIGO, ADNI2, ADNI3, ADNI4",True,,
Diagnostic Summary,DXSUM,Visit,EXAMDATE,EXAMDATE,,<class 'str'>,"2005-09-29, 2006-03-06, 2008-08-27, 2005-09-30, 2006-03-09",,2697.0,0.0,"ADNIGO, ADNI2, ADNI3, ADNI4",True,,
Diagnostic Summary,DXSUM,Diagnosi,DXCONFID,DXCONFID,,<class 'numpy.float64'>,"4.0, 3.0, 2.0, 1.0","4.0, 1.0",2697.0,0.0,"ADNIGO, ADNI2, ADNI3, ADNI4",True,,
Diagnostic Summary,DXSUM,Visit,,VISIT_MONTH,,<class 'numpy.int64'>,,"88.0, 0.0",2697.0,0.0,"ADNIGO, ADNI2, ADNI3, ADNI4",True,,
Diagnostic Summary,DXSUM,Diagnosi,"['DXCONFID', 'DIAGNOSIS']",DX/CN,,<class 'numpy.bool'>,"True, False",,2697.0,0.0,"ADNIGO, ADNI2, ADNI3, ADNI4",True,,
Diagnostic Summary,DXSUM,Diagnosi,"['DXCONFID', 'DIAGNOSIS']",DX/Dementia,,<class 'numpy.bool'>,"False, True",,2697.0,0.0,"ADNIGO, ADNI2, ADNI3, ADNI4",True,,
Diagnostic Summary,DXSUM,Diagnosi,"['DXCONFID', 'DIAGNOSIS']",DX/MCI,,<class 'numpy.bool'>,"False, True",,2697.0,0.0,"ADNIGO, ADNI2, ADNI3, ADNI4",True,,
UCSF - ADNI-1 3T Cross-Sectional FreeSurfer (5.1) [ADNI1],UCSFFSX51_ADNI1_3T,ID,RID,RID,,<class 'numpy.int64'>,,"1387.0, 15.0",455.0,0.0,pop not found,False,,
UCSF - ADNI-1 3T Cross-Sectional FreeSurfer (5.1) [ADNI1],UCSFFSX51_ADNI1_3T,Visit,EXAMDATE,EXAMDATE,,<class 'str'>,"2005-10-31, 2006-05-02, 2006-10-16, 2007-10-11, 2009-04-27",,455.0,0.0,pop not found,False,,
UCSF - ADNI-1 3T Cross-Sectional FreeSurfer (5.1) [ADNI1],UCSFFSX51_ADNI1_3T,Other,STATUS,STATUS,,<class 'str'>,partial,,455.0,0.0,pop not found,False,,
UCSF - ADNI-1 3T Cross-Sectional FreeSurfer (5.1) [ADNI1],UCSFFSX51_ADNI1_3T,Volume,ST37SV,LVentricle,mm3,<class 'numpy.int64'>,,"83251.0, 3549.0",455.0,0.0,pop not found,False,predittore,volume
UCSF - ADNI-1 3T Cross-Sectional FreeSurfer (5.1) [ADNI1],UCSFFSX51_ADNI1_3T,Volume,ST10CV,ICV,mm3,<class 'numpy.int64'>,,"2062120.0, 1192530.0",455.0,0.0,pop not found,False,predittore,volume
UCSF - ADNI-1 3T Cross-Sectional FreeSurfer (5.1) [ADNI1],UCSFFSX51_ADNI1_3T,Volume,ST24CV,LEntorhinal,mm3,<class 'numpy.int64'>,,"3077.0, 304.0",455.0,0.0,pop not found,False,predittore,volume
UCSF - ADNI-1 3T Cross-Sectional FreeSurfer (5.1) [ADNI1],UCSFFSX51_ADNI1_3T,Volume,ST26CV,LFusiform,mm3,<class 'numpy.int64'>,,"13598.0, 4667.0",455.0,0.0,pop not found,False,predittore,volume
UCSF - ADNI-1 3T Cross-Sectional FreeSurfer (5.1) [ADNI1],UCSFFSX51_ADNI1_3T,Volume,ST29SV,LHippocampus,mm3,<class 'numpy.int64'>,,"4486.0, 1517.0",455.0,0.0,pop not found,False,predittore,volume
UCSF - ADNI-1 3T Cross-Sectional FreeSurfer (5.1) [ADNI1],UCSFFSX51_ADNI1_3T,Volume,ST40CV,LMidTemp,mm3,<class 'numpy.int64'>,,"12406.0, 4857.0",455.0,0.0,pop not found,False,predittore,volume
UCSF - ADNI-1 3T Cross-Sectional FreeSurfer (5.1) [ADNI1],UCSFFSX51_ADNI1_3T,Volume,ST96SV,RVentricle,mm3,<class 'numpy.int64'>,,"61548.0, 3695.0",455.0,0.0,pop not found,False,predittore,volume
UCSF - ADNI-1 3T Cross-Sectional FreeSurfer (5.1) [ADNI1],UCSFFSX51_ADNI1_3T,Volume,ST83CV,REntorhinal,mm3,<class 'numpy.int64'>,,"2887.0, 457.0",455.0,0.0,pop not found,False,predittore,volume
UCSF - ADNI-1 3T Cross-Sectional FreeSurfer (5.1) [ADNI1],UCSFFSX51_ADNI1_3T,Volume,ST85CV,RFusiform,mm3,<class 'numpy.int64'>,,"12136.0, 5447.0",455.0,0.0,pop not found,False,predittore,volume
UCSF - ADNI-1 3T Cross-Sectional FreeSurfer (5.1) [ADNI1],UCSFFSX51_ADNI1_3T,Volume,ST88SV,RHippocampus,mm3,<class 'numpy.int64'>,,"4603.0, 1690.0",455.0,0.0,pop not found,False,predittore,volume
UCSF - ADNI-1 3T Cross-Sectional FreeSurfer (5.1) [ADNI1],UCSFFSX51_ADNI1_3T,Volume,ST99CV,RMidTemp,mm3,<class 'numpy.int64'>,,"14974.0, 5596.0",455.0,0.0,pop not found,False,predittore,volume
UCSF - ADNI-1 3T Cross-Sectional FreeSurfer (5.1) [ADNI1],UCSFFSX51_ADNI1_3T,Visit,,VISIT_MONTH,,<class 'numpy.int64'>,,"42.0, 0.0",455.0,0.0,pop not found,False,,
"UCSF - Cross-Sectional FreeSurfer (5.1) [ADNI1,GO,2]",UCSFFSX51,ID,RID,RID,,<class 'numpy.int64'>,None,"5296.0, 21.0",4190.0,0.0,"ADNI1, ADNI3, ADNI4",False,,
"UCSF - Cross-Sectional FreeSurfer (5.1) [ADNI1,GO,2]",UCSFFSX51,Cohort,COLPROT,COHORT,,<class 'str'>,"ADNIGO, ADNI2, nv",None,4190.0,0.0,"ADNI1, ADNI3, ADNI4",False,,
"UCSF - Cross-Sectional FreeSurfer (5.1) [ADNI1,GO,2]",UCSFFSX51,Visit,EXAMDATE,EXAMDATE,,<class 'str'>,"2010-10-08, 2011-10-13, 2012-10-04, 2013-10-17, 2015-11-03",None,4190.0,0.0,"ADNI1, ADNI3, ADNI4",False,,
"UCSF - Cross-Sectional FreeSurfer (5.1) [ADNI1,GO,2]",UCSFFSX51,Volume,ST37SV,LVentricle,mm3,<class 'numpy.int64'>,None,"75680.0, 2726.0",4190.0,0.0,"ADNI1, ADNI3, ADNI4",False,predittore,volume
"UCSF - Cross-Sectional FreeSurfer (5.1) [ADNI1,GO,2]",UCSFFSX51,Volume,ST10CV,ICV,mm3,<class 'numpy.float64'>,None,"2108790.0, 716133.0",4189.0,1.0,"ADNI1, ADNI3, ADNI4",False,predittore,volume
"UCSF - Cross-Sectional FreeSurfer (5.1) [ADNI1,GO,2]",UCSFFSX51,Volume,ST24CV,LEntorhinal,mm3,<class 'numpy.float64'>,None,"4239.0, 34.0",4190.0,0.0,"ADNI1, ADNI3, ADNI4",False,predittore,volume
"UCSF - Cross-Sectional FreeSurfer (5.1) [ADNI1,GO,2]",UCSFFSX51,Volume,ST26CV,LFusiform,mm3,<class 'numpy.float64'>,None,"15382.0, 2154.0",4188.0,2.0,"ADNI1, ADNI3, ADNI4",False,predittore,volume
"UCSF - Cross-Sectional FreeSurfer (5.1) [ADNI1,GO,2]",UCSFFSX51,Volume,ST29SV,LHippocampus,mm3,<class 'numpy.int64'>,None,"5991.0, 870.0",4190.0,0.0,"ADNI1, ADNI3, ADNI4",False,predittore,volume
"UCSF - Cross-Sectional FreeSurfer (5.1) [ADNI1,GO,2]",UCSFFSX51,Volume,ST40CV,LMidTemp,mm3,<class 'numpy.float64'>,None,"15187.0, 3747.0",4189.0,1.0,"ADNI1, ADNI3, ADNI4",False,predittore,volume
"UCSF - Cross-Sectional FreeSurfer (5.1) [ADNI1,GO,2]",UCSFFSX51,Volume,ST96SV,RVentricle,mm3,<class 'numpy.float64'>,None,"66551.0, 2003.0",4189.0,1.0,"ADNI1, ADNI3, ADNI4",False,predittore,volume
"UCSF - Cross-Sectional FreeSurfer (5.1) [ADNI1,GO,2]",UCSFFSX51,Volume,ST83CV,REntorhinal,mm3,<class 'numpy.int64'>,None,"3602.0, 275.0",4190.0,0.0,"ADNI1, ADNI3, ADNI4",False,predittore,volume
"UCSF - Cross-Sectional FreeSurfer (5.1) [ADNI1,GO,2]",UCSFFSX51,Volume,ST85CV,RFusiform,mm3,<class 'numpy.int64'>,None,"16787.0, 3961.0",4190.0,0.0,"ADNI1, ADNI3, ADNI4",False,predittore,volume
"UCSF - Cross-Sectional FreeSurfer (5.1) [ADNI1,GO,2]",UCSFFSX51,Volume,ST88SV,RHippocampus,mm3,<class 'numpy.int64'>,None,"5806.0, 1262.0",4190.0,0.0,"ADNI1, ADNI3, ADNI4",False,predittore,volume
"UCSF - Cross-Sectional FreeSurfer (5.1) [ADNI1,GO,2]",UCSFFSX51,Volume,ST99CV,RMidTemp,mm3,<class 'numpy.float64'>,None,"16951.0, 4231.0",4189.0,1.0,"ADNI1, ADNI3, ADNI4",False,predittore,volume
"UCSF - Cross-Sectional FreeSurfer (5.1) [ADNI1,GO,2]",UCSFFSX51,,,VISIT_MONTH,,<class 'numpy.int64'>,None,"75.0, 0.0",4190.0,0.0,"ADNI1, ADNI3, ADNI4",False,,
UCSF - Cross-Sectional FreeSurfer (6.0) [ADNI3],UCSFFSX6,ID,RID,RID,,<class 'numpy.int64'>,,"7083.0, 31.0",1725.0,0.0,"ADNI1, ADNIGO, ADNI2, ADNI4",True,,
UCSF - Cross-Sectional FreeSurfer (6.0) [ADNI3],UCSFFSX6,Cohort,PHASE,PHASE,,<class 'str'>,ADNI3,,1725.0,0.0,"ADNI1, ADNIGO, ADNI2, ADNI4",True,,
UCSF - Cross-Sectional FreeSurfer (6.0) [ADNI3],UCSFFSX6,Visit,EXAMDATE,EXAMDATE,,<class 'str'>,"2017-05-03, 2018-05-22, 2019-05-30, 2017-08-07, 2018-08-10",,1725.0,0.0,"ADNI1, ADNIGO, ADNI2, ADNI4",True,,
UCSF - Cross-Sectional FreeSurfer (6.0) [ADNI3],UCSFFSX6,Other,STATUS,STATUS,,<class 'str'>,complete,,1725.0,0.0,"ADNI1, ADNIGO, ADNI2, ADNI4",True,,
UCSF - Cross-Sectional FreeSurfer (6.0) [ADNI3],UCSFFSX6,Volume,ST37SV,LVentricle,mm3,<class 'numpy.float64'>,,"72068.5, 3756.3",1657.0,68.0,"ADNI1, ADNIGO, ADNI2, ADNI4",True,predittore,volume
UCSF - Cross-Sectional FreeSurfer (6.0) [ADNI3],UCSFFSX6,Volume,ST10CV,ICV,mm3,<class 'numpy.float64'>,,"3500154.120931, 1058860.327947",1725.0,0.0,"ADNI1, ADNIGO, ADNI2, ADNI4",True,predittore,volume
UCSF - Cross-Sectional FreeSurfer (6.0) [ADNI3],UCSFFSX6,Volume,ST24CV,LEntorhinal,mm3,<class 'numpy.float64'>,,"4052.0, 351.0",1504.0,221.0,"ADNI1, ADNIGO, ADNI2, ADNI4",True,predittore,volume
UCSF - Cross-Sectional FreeSurfer (6.0) [ADNI3],UCSFFSX6,Volume,ST26CV,LFusiform,mm3,<class 'numpy.float64'>,,"14409.0, 4101.0",1395.0,330.0,"ADNI1, ADNIGO, ADNI2, ADNI4",True,predittore,volume
UCSF - Cross-Sectional FreeSurfer (6.0) [ADNI3],UCSFFSX6,Volume,ST29SV,LHippocampus,mm3,<class 'numpy.float64'>,,"5293.0, 1370.6",1509.0,216.0,"ADNI1, ADNIGO, ADNI2, ADNI4",True,predittore,volume
UCSF - Cross-Sectional FreeSurfer (6.0) [ADNI3],UCSFFSX6,Volume,ST40CV,LMidTemp,mm3,<class 'numpy.float64'>,,"14853.0, 4928.0",1585.0,140.0,"ADNI1, ADNIGO, ADNI2, ADNI4",True,predittore,volume
UCSF - Cross-Sectional FreeSurfer (6.0) [ADNI3],UCSFFSX6,Volume,ST96SV,RVentricle,mm3,<class 'numpy.float64'>,,"75143.8, 3705.5",1657.0,68.0,"ADNI1, ADNIGO, ADNI2, ADNI4",True,predittore,volume
UCSF - Cross-Sectional FreeSurfer (6.0) [ADNI3],UCSFFSX6,Volume,ST83CV,REntorhinal,mm3,<class 'numpy.float64'>,,"4119.0, 531.0",1504.0,221.0,"ADNI1, ADNIGO, ADNI2, ADNI4",True,predittore,volume
UCSF - Cross-Sectional FreeSurfer (6.0) [ADNI3],UCSFFSX6,Volume,ST85CV,RFusiform,mm3,<class 'numpy.float64'>,,"13646.0, 4508.0",1395.0,330.0,"ADNI1, ADNIGO, ADNI2, ADNI4",True,predittore,volume
UCSF - Cross-Sectional FreeSurfer (6.0) [ADNI3],UCSFFSX6,Volume,ST88SV,RHippocampus,mm3,<class 'numpy.float64'>,,"5461.8, 1618.0",1509.0,216.0,"ADNI1, ADNIGO, ADNI2, ADNI4",True,predittore,volume
UCSF - Cross-Sectional FreeSurfer (6.0) [ADNI3],UCSFFSX6,Volume,ST99CV,RMidTemp,mm3,<class 'numpy.float64'>,,"17471.0, 6036.0",1585.0,140.0,"ADNI1, ADNIGO, ADNI2, ADNI4",True,predittore,volume
UCSF - Cross-Sectional FreeSurfer (6.0) [ADNI3],UCSFFSX6,Visit,,VISIT_MONTH,,<class 'numpy.int64'>,,"65.0, 0.0",1725.0,0.0,"ADNI1, ADNIGO, ADNI2, ADNI4",True,,
"UCSF - Cross-Sectional FreeSurfer (7.x) [ADNI1,GO,2,3,4]",UCSFFSX7,ID,RID,RID,,<class 'numpy.int64'>,,"10509.0, 69.0",80.0,0.0,"ADNI1, ADNIGO, ADNI2, ADNI3",True,,
"UCSF - Cross-Sectional FreeSurfer (7.x) [ADNI1,GO,2,3,4]",UCSFFSX7,Cohort,PHASE,PHASE,,<class 'str'>,ADNI4,,80.0,0.0,"ADNI1, ADNIGO, ADNI2, ADNI3",True,,
"UCSF - Cross-Sectional FreeSurfer (7.x) [ADNI1,GO,2,3,4]",UCSFFSX7,Visit,EXAMDATE,EXAMDATE,,<class 'str'>,"2024-01-02, 2024-12-19, 2024-04-24, 2025-04-28, 2023-11-30",,80.0,0.0,"ADNI1, ADNIGO, ADNI2, ADNI3",True,,
"UCSF - Cross-Sectional FreeSurfer (7.x) [ADNI1,GO,2,3,4]",UCSFFSX7,Other,STATUS,STATUS,,<class 'str'>,complete,,80.0,0.0,"ADNI1, ADNIGO, ADNI2, ADNI3",True,,
"UCSF - Cross-Sectional FreeSurfer (7.x) [ADNI1,GO,2,3,4]",UCSFFSX7,Volume,ST37SV,LVentricle,mm3,<class 'numpy.float64'>,,"50269.1, 6480.8",78.0,2.0,"ADNI1, ADNIGO, ADNI2, ADNI3",True,predittore,volume
"UCSF - Cross-Sectional FreeSurfer (7.x) [ADNI1,GO,2,3,4]",UCSFFSX7,Volume,ST10CV,ICV,mm3,<class 'numpy.float64'>,,"1825802.631582, 1133716.266852",80.0,0.0,"ADNI1, ADNIGO, ADNI2, ADNI3",True,predittore,volume
"UCSF - Cross-Sectional FreeSurfer (7.x) [ADNI1,GO,2,3,4]",UCSFFSX7,Volume,ST24CV,LEntorhinal,mm3,<class 'numpy.float64'>,,"2773.0, 825.0",64.0,16.0,"ADNI1, ADNIGO, ADNI2, ADNI3",True,predittore,volume
"UCSF - Cross-Sectional FreeSurfer (7.x) [ADNI1,GO,2,3,4]",UCSFFSX7,Volume,ST26CV,LFusiform,mm3,<class 'numpy.float64'>,,"11447.0, 6383.0",51.0,29.0,"ADNI1, ADNIGO, ADNI2, ADNI3",True,predittore,volume
"UCSF - Cross-Sectional FreeSurfer (7.x) [ADNI1,GO,2,3,4]",UCSFFSX7,Volume,ST29SV,LHippocampus,mm3,<class 'numpy.float64'>,,"4381.7, 2300.1",66.0,14.0,"ADNI1, ADNIGO, ADNI2, ADNI3",True,predittore,volume
"UCSF - Cross-Sectional FreeSurfer (7.x) [ADNI1,GO,2,3,4]",UCSFFSX7,Volume,ST40CV,LMidTemp,mm3,<class 'numpy.float64'>,,"12025.0, 7040.0",58.0,22.0,"ADNI1, ADNIGO, ADNI2, ADNI3",True,predittore,volume
"UCSF - Cross-Sectional FreeSurfer (7.x) [ADNI1,GO,2,3,4]",UCSFFSX7,Volume,ST96SV,RVentricle,mm3,<class 'numpy.float64'>,,"40742.5, 5948.4",78.0,2.0,"ADNI1, ADNIGO, ADNI2, ADNI3",True,predittore,volume
"UCSF - Cross-Sectional FreeSurfer (7.x) [ADNI1,GO,2,3,4]",UCSFFSX7,Volume,ST83CV,REntorhinal,mm3,<class 'numpy.float64'>,,"3004.0, 679.0",64.0,16.0,"ADNI1, ADNIGO, ADNI2, ADNI3",True,predittore,volume
"UCSF - Cross-Sectional FreeSurfer (7.x) [ADNI1,GO,2,3,4]",UCSFFSX7,Volume,ST85CV,RFusiform,mm3,<class 'numpy.float64'>,,"13039.0, 6857.0",51.0,29.0,"ADNI1, ADNIGO, ADNI2, ADNI3",True,predittore,volume
"UCSF - Cross-Sectional FreeSurfer (7.x) [ADNI1,GO,2,3,4]",UCSFFSX7,Volume,ST88SV,RHippocampus,mm3,<class 'numpy.float64'>,,"4480.6, 2505.7",66.0,14.0,"ADNI1, ADNIGO, ADNI2, ADNI3",True,predittore,volume
"UCSF - Cross-Sectional FreeSurfer (7.x) [ADNI1,GO,2,3,4]",UCSFFSX7,Volume,ST99CV,RMidTemp,mm3,<class 'numpy.float64'>,,"12697.0, 7641.0",58.0,22.0,"ADNI1, ADNIGO, ADNI2, ADNI3",True,predittore,volume
"UCSF - Cross-Sectional FreeSurfer (7.x) [ADNI1,GO,2,3,4]",UCSFFSX7,Visit,,VISIT_MONTH,,<class 'numpy.int64'>,"0, 12, 11, 14, 13, 22","22.0, 0.0",80.0,0.0,"ADNI1, ADNIGO, ADNI2, ADNI3",True,,
"UCSF - Cross-Sectional FreeSurfer (FreeSurfer Version 4.3) [ADNI1,GO,2]",UCSFFSX,ID,RID,RID,,<class 'numpy.int64'>,,"1430.0, 3.0",4069.0,0.0,pop not found,True,,
"UCSF - Cross-Sectional FreeSurfer (FreeSurfer Version 4.3) [ADNI1,GO,2]",UCSFFSX,Visit,EXAMDATE,EXAMDATE,,<class 'str'>,"2005-09-01, 2006-03-13, 2006-09-12, 2007-09-12, 2005-09-22",,4069.0,0.0,pop not found,True,,
"UCSF - Cross-Sectional FreeSurfer (FreeSurfer Version 4.3) [ADNI1,GO,2]",UCSFFSX,Other,STATUS,STATUS,,<class 'str'>,complete,,4069.0,0.0,pop not found,True,,
"UCSF - Cross-Sectional FreeSurfer (FreeSurfer Version 4.3) [ADNI1,GO,2]",UCSFFSX,Volume,ST37SV,LVentricle,mm3,<class 'numpy.int64'>,,"87716.0, 3111.0",4069.0,0.0,pop not found,True,predittore,volume
"UCSF - Cross-Sectional FreeSurfer (FreeSurfer Version 4.3) [ADNI1,GO,2]",UCSFFSX,Volume,ST10CV,ICV,mm3,<class 'numpy.int64'>,,"2110290.0, 843290.0",4069.0,0.0,pop not found,True,predittore,volume
"UCSF - Cross-Sectional FreeSurfer (FreeSurfer Version 4.3) [ADNI1,GO,2]",UCSFFSX,Volume,ST24CV,LEntorhinal,mm3,<class 'numpy.int64'>,,"3705.0, 417.0",4069.0,0.0,pop not found,True,predittore,volume
"UCSF - Cross-Sectional FreeSurfer (FreeSurfer Version 4.3) [ADNI1,GO,2]",UCSFFSX,Volume,ST26CV,LFusiform,mm3,<class 'numpy.float64'>,,"12710.0, 2600.0",4068.0,1.0,pop not found,True,predittore,volume
"UCSF - Cross-Sectional FreeSurfer (FreeSurfer Version 4.3) [ADNI1,GO,2]",UCSFFSX,Volume,ST29SV,LHippocampus,mm3,<class 'numpy.int64'>,,"5468.0, 1217.0",4069.0,0.0,pop not found,True,predittore,volume
"UCSF - Cross-Sectional FreeSurfer (FreeSurfer Version 4.3) [ADNI1,GO,2]",UCSFFSX,Volume,ST40CV,LMidTemp,mm3,<class 'numpy.int64'>,,"15462.0, 1958.0",4069.0,0.0,pop not found,True,predittore,volume
"UCSF - Cross-Sectional FreeSurfer (FreeSurfer Version 4.3) [ADNI1,GO,2]",UCSFFSX,Volume,ST96SV,RVentricle,mm3,<class 'numpy.int64'>,,"72924.0, 2320.0",4069.0,0.0,pop not found,True,predittore,volume
"UCSF - Cross-Sectional FreeSurfer (FreeSurfer Version 4.3) [ADNI1,GO,2]",UCSFFSX,Volume,ST83CV,REntorhinal,mm3,<class 'numpy.int64'>,,"3955.0, 402.0",4069.0,0.0,pop not found,True,predittore,volume
"UCSF - Cross-Sectional FreeSurfer (FreeSurfer Version 4.3) [ADNI1,GO,2]",UCSFFSX,Volume,ST85CV,RFusiform,mm3,<class 'numpy.int64'>,,"13203.0, 3432.0",4069.0,0.0,pop not found,True,predittore,volume
"UCSF - Cross-Sectional FreeSurfer (FreeSurfer Version 4.3) [ADNI1,GO,2]",UCSFFSX,Volume,ST88SV,RHippocampus,mm3,<class 'numpy.int64'>,,"5818.0, 734.0",4069.0,0.0,pop not found,True,predittore,volume
"UCSF - Cross-Sectional FreeSurfer (FreeSurfer Version 4.3) [ADNI1,GO,2]",UCSFFSX,Volume,ST99CV,RMidTemp,mm3,<class 'numpy.float64'>,,"15544.0, 2378.0",4068.0,1.0,pop not found,True,predittore,volume
"UCSF - Cross-Sectional FreeSurfer (FreeSurfer Version 4.3) [ADNI1,GO,2]",UCSFFSX,Visit,,VISIT_MONTH,,<class 'numpy.int64'>,,"110.0, 0.0",4069.0,0.0,pop not found,True,,
The DIAN-ADNI Comparison Study,ADNI_DIAN_COMPARISON,ID,,RID,,,,,,,,True,,
The DIAN-ADNI Comparison Study,ADNI_DIAN_COMPARISON,visit,,VISCODE,,,,,,,,True,,
The DIAN-ADNI Comparison Study,ADNI_DIAN_COMPARISON,Age,,BIRTHYR,,,,,,,,True,,
The DIAN-ADNI Comparison Study,ADNI_DIAN_COMPARISON,CDR,,CDRGLOB,,,,,,,,True,,
The DIAN-ADNI Comparison Study,ADNI_DIAN_COMPARISON,CDR,,CDRSUM,,,,,,,,True,,
The DIAN-ADNI Comparison Study,ADNI_DIAN_COMPARISON,CDR,,CDR_BASELINE,,,,,,,,True,,
The DIAN-ADNI Comparison Study,ADNI_DIAN_COMPARISON,Other,,CORT,,,,,,,,True,,
The DIAN-ADNI Comparison Study,ADNI_DIAN_COMPARISON,Visit,,CSFDATE,,,,,,,,True,,
The DIAN-ADNI Comparison Study,ADNI_DIAN_COMPARISON,CDR,,CSF_CDRSB_BL,,,,,,,,True,,
The DIAN-ADNI Comparison Study,ADNI_DIAN_COMPARISON,CDR,,CSF_CDR_BL,,,,,,,,True,,
The DIAN-ADNI Comparison Study,ADNI_DIAN_COMPARISON,Other,,CSF_DATE_BL,,,,,,,,True,,
The DIAN-ADNI Comparison Study,ADNI_DIAN_COMPARISON,Abeta,,CSF_ELC_AB40,,,,,,,,True,,
The DIAN-ADNI Comparison Study,ADNI_DIAN_COMPARISON,Abeta,,CSF_ELC_AB42,,,,,,,,True,,
The DIAN-ADNI Comparison Study,ADNI_DIAN_COMPARISON,Abeta,,CSF_ELC_AB4240,,,,,,,,True,,
The DIAN-ADNI Comparison Study,ADNI_DIAN_COMPARISON,Tau,,CSF_ELC_PTAU,,,,,,,,True,,
The DIAN-ADNI Comparison Study,ADNI_DIAN_COMPARISON,Tau,,CSF_ELC_TAU,,,,,,,,True,,
The DIAN-ADNI Comparison Study,ADNI_DIAN_COMPARISON,APOE,,DIAN_APOE,,,,,,,,True,,
The DIAN-ADNI Comparison Study,ADNI_DIAN_COMPARISON,CDR,,DIAN_CDRSB_BL,,,,,,,,True,,
The DIAN-ADNI Comparison Study,ADNI_DIAN_COMPARISON,MMSE,,DIAN_MMSE,,,,,,,,True,,
The DIAN-ADNI Comparison Study,ADNI_DIAN_COMPARISON,Age,,DIAN_YEARS_BL,,,,,,,,True,,
The DIAN-ADNI Comparison Study,ADNI_DIAN_COMPARISON,Sex,,GENDER,,,,,,,,True,,
The DIAN-ADNI Comparison Study,ADNI_DIAN_COMPARISON,Visit,,LAST_VISIT_DATE,,,,,,,,True,,
The DIAN-ADNI Comparison Study,ADNI_DIAN_COMPARISON,Marry,,MARISTAT,,,,,,,,True,,
The DIAN-ADNI Comparison Study,ADNI_DIAN_COMPARISON,CDR,,MRI_CDRSB_BL,,,,,,,,True,,
The DIAN-ADNI Comparison Study,ADNI_DIAN_COMPARISON,CDR,,MRI_CDR_BL,,,,,,,,True,,
The DIAN-ADNI Comparison Study,ADNI_DIAN_COMPARISON,Visit,,MRI_DATE_BL,,,,,,,,True,,
The DIAN-ADNI Comparison Study,ADNI_DIAN_COMPARISON,Visit,,MRI_SCANDATE,,,,,,,,True,,
The DIAN-ADNI Comparison Study,ADNI_DIAN_COMPARISON,Volume,,MR_TOTT_PRECUNEUS,,,,,,,,True,,
The DIAN-ADNI Comparison Study,ADNI_DIAN_COMPARISON,Volume,,MR_TOTV_HIPPOCAMPUS,,,,,,,,True,,
The DIAN-ADNI Comparison Study,ADNI_DIAN_COMPARISON,Volume,,MR_TOTV_INTRACRANIAL,,,,,,,,True,,
The DIAN-ADNI Comparison Study,ADNI_DIAN_COMPARISON,Volume,,MR_TOTV_WMHYPOINTENSITIES,,,,,,,,True,,
The DIAN-ADNI Comparison Study,ADNI_DIAN_COMPARISON,CDR,,PET_CDRSB_BL,,,,,,,,True,,
The DIAN-ADNI Comparison Study,ADNI_DIAN_COMPARISON,CDR,,PET_CDR_BL,,,,,,,,True,,
The DIAN-ADNI Comparison Study,ADNI_DIAN_COMPARISON,Visit,,PET_DATE_BL,,,,,,,,True,,
The DIAN-ADNI Comparison Study,ADNI_DIAN_COMPARISON,Visit,,PET_SCANDATE,,,,,,,,True,,
The DIAN-ADNI Comparison Study,ADNI_DIAN_COMPARISON,Other,,PET_TYPE,,,,,,,,True,,
The DIAN-ADNI Comparison Study,ADNI_DIAN_COMPARISON,Abeta,,PIB_FSUVR_RSF_TOT_CORTMEAN,,,,,,,,True,,
The DIAN-ADNI Comparison Study,ADNI_DIAN_COMPARISON,Abeta,,PIB_FSUVR_RSF_TOT_CTX_PRECUNEUS,,,,,,,,True,,
The DIAN-ADNI Comparison Study,ADNI_DIAN_COMPARISON,Abeta,,PIB_FSUVR_RSF_TOT_HIPPOCAMPUS,,,,,,,,True,,
The DIAN-ADNI Comparison Study,ADNI_DIAN_COMPARISON,Abeta,,PIB_MSUVR_TOT_CORTMEAN,,,,,,,,True,,
The DIAN-ADNI Comparison Study,ADNI_DIAN_COMPARISON,Abeta,,PIB_MSUVR_TOT_PRECUNEUS,,,,,,,,True,,
The DIAN-ADNI Comparison Study,ADNI_DIAN_COMPARISON,Ethnicity,,RACE,,,,,,,,True,,
The DIAN-ADNI Comparison Study,ADNI_DIAN_COMPARISON,Age,,VISITAGE,,,,,,,,True,,
The DIAN-ADNI Comparison Study,ADNI_DIAN_COMPARISON,visit,,VISIT_DATE_BL,,,,,,,,True,,
