file_name,file_code,parameter,orig_variable_code,variable_code,Unit,type_variable,classes,range,valid_values,missing_values,missing_pop,del,metadati_fattori,metadati_normalizzazione,Unnamed: 14,Unnamed: 15
,BAIPETNMRCFTP,Visit,EXAMDATE,EXAMDATE,,<class 'datetime.date'>,,,1157.0,0.0,"ADNI1, ADNIGO, ADNI4",keep,,,,
,BAIPETNMRCFTP,Amyloid,ENTORHINAL_SUVR,ENTORHINAL_SUVR,,<class 'numpy.float64'>,,"2.4264, 0.7951",1157.0,0.0,"ADNI1, ADNIGO, ADNI4",keep,predittore,intervallo,,
,BAIPETNMRCFTP,Tau,TAU_METAROI,TAU_METAROI,,<class 'numpy.float64'>,,"2.8179, 0.902",1157.0,0.0,"ADNI1, ADNIGO, ADNI4",keep,predittore,intervallo,,
,BAIPETNMRCFTP,Amyloid,INFERIOR_TEMPORAL_SUVR,INFERIOR_TEMPORAL_SUVR,,<class 'numpy.float64'>,,"2.6767, 0.9373",1157.0,0.0,"ADNI1, ADNIGO, ADNI4",keep,predittore,intervallo,,
,BAIPETNMRCFTP,ID,RID,RID,,<class 'numpy.int64'>,,"6901.0, 21.0",1157.0,0.0,"ADNI1, ADNIGO, ADNI4",keep,,,,
,BAIPETNMRCFTP,Visit,VISCODE2,VISCODE,,<class 'str'>,"m144, m150, m162, m156, m168",,1157.0,0.0,"ADNI1, ADNIGO, ADNI4",keep,,,,
,BAIPETNMRCFTP,Cohort,COLPROT,COHORT,,<class 'str'>,"ADNI3, ADNI2, nan",,1152.0,5.0,"ADNI1, ADNIGO, ADNI4",keep,,,,
,BAIPETNMRCFTP,,,VISIT_MONTH,,<class 'numpy.int64'>,,"67.0, 0.0",1157.0,0.0,"ADNI1, ADNIGO, ADNI4",keep,,,,
,BAIPETNMRCFTP,,,METHOD,,<class 'str'>,ftp,,1157.0,0.0,"ADNI1, ADNIGO, ADNI4",keep,,,,
,BAIPETNMRCFTP,,,Tpositive,,<class 'numpy.int64'>,"0, 1","1.0, 0.0",1157.0,0.0,"ADNI1, ADNIGO, ADNI4",keep,,,,
,BAIPETNMRCFTP,,,VISIT_MONTH,,,,,,,,,,,,
,BAIPETNMRCFTP,,,METHOD,,,,,,,,,,,,
,BAIPETNMRCFTP,,,VISIT_MONTH,,,,,,,,,,,,
,BAIPETNMRCFTP,,,METHOD,,,,,,,,,,,,
,BAIPETNMRCFTP,,,VISIT_MONTH,,,,,,,,,,,,
,BAIPETNMRCFTP,,,METHOD,,,,,,,,,,,,
,BAIPETNMRCFTP,,,VISIT_MONTH,,,,,,,,,,,,
,BAIPETNMRCFTP,,,METHOD,,,,,,,,,,,,
,BAIPETNMRCFTP,,,VISIT_MONTH,,,,,,,,,,,,
,BAIPETNMRCFTP,,,METHOD,,,,,,,,,,,,
,BAIPETNMRCFTP,,,VISIT_MONTH,,,,,,,,,,,,
,BAIPETNMRCFTP,,,METHOD,,,,,,,,,,,,
,AMPRION_ASYN_SAA,ID,RID,RID,,<class 'numpy.int64'>,,"7089.0, 3.0",1638.0,0.0,pop not found,keep,,,,
,AMPRION_ASYN_SAA,Visit,EXAMDATE,EXAMDATE,,<class 'datetime.date'>,,,1638.0,0.0,pop not found,keep,,,,
,AMPRION_ASYN_SAA,Visit,VISCODE2,VISCODE,,<class 'str'>,"bl, m12, m48, m30, m24",,1638.0,0.0,pop not found,keep,,,,
,AMPRION_ASYN_SAA,Test,Result,Amprion_Result,,<class 'str'>,"Detected-1, Not_Detected, Detected-2, Indeterminate",,1638.0,0.0,pop not found,keep,predittore,binaria,,
,AMPRION_ASYN_SAA,,,VISIT_MONTH,,<class 'numpy.int64'>,0,"0.0, 0.0",1638.0,0.0,pop not found,keep,,,,
,AMPRION_ASYN_SAA,,,METHOD,,<class 'str'>,amprion,,1638.0,0.0,pop not found,keep,,,,
,AMPRION_ASYN_SAA,,,Npositive,,<class 'numpy.int64'>,"1, 0, <NA>","1.0, 0.0",1629.0,9.0,pop not found,keep,,,,
,AMPRION_ASYN_SAA,,,VISIT_MONTH,,,,,,,,,,,,
,AMPRION_ASYN_SAA,,,METHOD,,,,,,,,,,,,
,PLASMA_ABETA_PROJECT_ADX_VUMC,,RID,RID,,<class 'numpy.int64'>,,"5263.0, 31.0",130.0,0.0,pop not found,keep,,,,
,PLASMA_ABETA_PROJECT_ADX_VUMC,,VISCODE2,VISCODE,,<class 'str'>,"m120, m132, m108, m72, m84, m60, m48, m24",,130.0,0.0,pop not found,keep,,,,
,PLASMA_ABETA_PROJECT_ADX_VUMC,,EXAMDATE,EXAMDATE,,<class 'datetime.date'>,,,130.0,0.0,pop not found,keep,,,,
,PLASMA_ABETA_PROJECT_ADX_VUMC,,NF_LIGHT,NFL_PL,,<class 'numpy.float64'>,,"114.3, 10.4",130.0,0.0,pop not found,keep,,,,
,PLASMA_ABETA_PROJECT_ADX_VUMC,,ABETA42,AB42_PL,,<class 'numpy.float64'>,,"12.2, 4.1",130.0,0.0,pop not found,keep,,,,
,PLASMA_ABETA_PROJECT_ADX_VUMC,,ABETA40,AB40_PL,,<class 'numpy.float64'>,,"333.1, 87.6",130.0,0.0,pop not found,keep,,,,
,PLASMA_ABETA_PROJECT_ADX_VUMC,,GFAP,GFAP,,<class 'numpy.float64'>,,"548.5, 41.5",130.0,0.0,pop not found,keep,,,,
,PLASMA_ABETA_PROJECT_ADX_VUMC,,,VISIT_MONTH,,<class 'numpy.int64'>,"0, 13, 18, 16, 12, 10","18.0, 0.0",130.0,0.0,pop not found,keep,,,,
,PLASMA_ABETA_PROJECT_ADX_VUMC,,,METHOD,,<class 'str'>,simoa,,130.0,0.0,pop not found,keep,,,,
,PLASMA_ABETA_PROJECT_ADX_VUMC,,,Apositive,,<class 'numpy.int64'>,1,"1.0, 1.0",130.0,0.0,pop not found,keep,,,,
,PLASMA_ABETA_PROJECT_ADX_VUMC,,,Npositive,,<class 'numpy.int64'>,"1, 0","1.0, 0.0",130.0,0.0,pop not found,keep,,,,
,PLASMA_ABETA_PROJECT_ADX_VUMC,,,VISIT_MONTH,,,,,,,,,,,,
,PLASMA_ABETA_PROJECT_ADX_VUMC,,,METHOD,,,,,,,,,,,,
,PLASMA_ABETA_PROJECT_ADX_VUMC,,,VISIT_MONTH,,,,,,,,,,,,
,PLASMA_ABETA_PROJECT_ADX_VUMC,,,METHOD,,,,,,,,,,,,
,PLASMA_ABETA_PROJECT_ADX_VUMC,,,VISIT_MONTH,,,,,,,,,,,,
,PLASMA_ABETA_PROJECT_ADX_VUMC,,,METHOD,,,,,,,,,,,,
,FNIH_PLASMA_PTAU_PROJECT,Cohort,PROT,COHORT,,<class 'str'>,"ADNI1, ADNI2, ADNIGO",,130.0,0.0,"ADNI3, ADNI4",keep,,,,
,FNIH_PLASMA_PTAU_PROJECT,,RID,RID,,<class 'numpy.int64'>,,"5263.0, 31.0",130.0,0.0,"ADNI3, ADNI4",keep,,,,
,FNIH_PLASMA_PTAU_PROJECT,,VISCODE2,VISCODE,,<class 'str'>,"m120, m48, m60, m72, m126",,130.0,0.0,"ADNI3, ADNI4",keep,,,,
,FNIH_PLASMA_PTAU_PROJECT,,EXAMDATE,EXAMDATE,,<class 'datetime.date'>,,,130.0,0.0,"ADNI3, ADNI4",keep,,,,
,FNIH_PLASMA_PTAU_PROJECT,,PTAU_181,PT181_PL,,<class 'numpy.float64'>,,"98.6, 2.64",130.0,0.0,"ADNI3, ADNI4",keep,,,,
,FNIH_PLASMA_PTAU_PROJECT,,,VISIT_MONTH,,<class 'numpy.int64'>,"0, 13, 12, 16, 10, 18","18.0, 0.0",130.0,0.0,"ADNI3, ADNI4",keep,,,,
,FNIH_PLASMA_PTAU_PROJECT,,,METHOD,,<class 'str'>,"simoa, lumipulse",,130.0,0.0,"ADNI3, ADNI4",keep,,,,
,FNIH_PLASMA_PTAU_PROJECT,,,Tpositive,,<class 'numpy.int64'>,0,"0.0, 0.0",130.0,0.0,"ADNI3, ADNI4",keep,,,,
,FNIH_PLASMA_PTAU_PROJECT,,,VISIT_MONTH,,,,,,,,,,,,
,FNIH_PLASMA_PTAU_PROJECT,,,METHOD,,,,,,,,,,,,
,CSFALPHASYN,,RID,RID,,<class 'numpy.int64'>,,"1423.0, 3.0",389.0,0.0,pop not found,keep,,,,
,CSFALPHASYN,,EXAMDATE,EXAMDATE,,<class 'datetime.date'>,,,389.0,0.0,pop not found,keep,,,,
,CSFALPHASYN,,PROTOCOL,COHORT,,<class 'str'>,ADNI 1,,389.0,0.0,pop not found,keep,,,,
,CSFALPHASYN,,ALPHA_SYN,ALPHA_SYN,luminex,<class 'numpy.float64'>,,"12.24, 0.1",389.0,0.0,pop not found,keep,,,,
,CSFALPHASYN,,,VISIT_MONTH,,<class 'numpy.int64'>,0,"0.0, 0.0",389.0,0.0,pop not found,keep,,,,
,CSFALPHASYN,,,METHOD,,<class 'str'>,luminex,,389.0,0.0,pop not found,keep,,,,
,CSFALPHASYN,,,Npositive,,<class 'numpy.int64'>,"0, 1","1.0, 0.0",389.0,0.0,pop not found,keep,,,,
,CSFALPHASYN,,,VISIT_MONTH,,,,,,,,,,,,
,CSFALPHASYN,,,METHOD,,,,,,,,,,,,
,CSFALPHASYN,,,VISIT_MONTH,,,,,,,,,,,,
,CSFALPHASYN,,,METHOD,,,,,,,,,,,,
,BLENNOWCSFNFL,,RID,RID,,<class 'numpy.int64'>,,"1423.0, 3.0",399.0,0.0,pop not found,keep,,,,
,BLENNOWCSFNFL,,VISCODE,VISCODE,,<class 'str'>,bl,,399.0,0.0,pop not found,keep,,,,
,BLENNOWCSFNFL,,EXAMDATE,EXAMDATE,,<class 'datetime.date'>,,,399.0,0.0,pop not found,keep,,,,
,BLENNOWCSFNFL,,CSFNFL,NFL_CSF,,<class 'numpy.int64'>,,"12647.0, 405.0",399.0,0.0,pop not found,keep,,,,
,BLENNOWCSFNFL,,COMMENTS,COMMENTS,,<class 'str'>,"nan, reddish CSF, samples received thawed",,9.0,390.0,pop not found,drop,,,,
,BLENNOWCSFNFL,,,VISIT_MONTH,,<class 'numpy.int64'>,0,"0.0, 0.0",399.0,0.0,pop not found,keep,,,,
,BLENNOWCSFNFL,,,METHOD,,<class 'str'>,elisa,,399.0,0.0,pop not found,keep,,,,
,BLENNOWCSFNFL,,,Npositive,,<class 'numpy.int64'>,1,"1.0, 1.0",399.0,0.0,pop not found,keep,,,,
,BLENNOWCSFNFL,,,VISIT_MONTH,,,,,,,,,,,,
,BLENNOWCSFNFL,,,METHOD,,,,,,,,,,,,
,BLENNOWCSFNFL,,,VISIT_MONTH,,,,,,,,,,,,
,BLENNOWCSFNFL,,,METHOD,,,,,,,,,,,,
,BLENNOWCSFNFL,,,VISIT_MONTH,,,,,,,,,,,,
,BLENNOWCSFNFL,,,METHOD,,,,,,,,,,,,
,BLENNOWPLASMANFL,,RID,RID,,<class 'numpy.int64'>,,"5296.0, 2.0",3709.0,0.0,pop not found,keep,,,,
,BLENNOWPLASMANFL,,VISCODE2,VISCODE,,<class 'str'>,"m60, m72, m84, m96, m108",,3709.0,0.0,pop not found,keep,,,,
,BLENNOWPLASMANFL,,EXAMDATE,EXAMDATE,,<class 'datetime.date'>,,,3709.0,0.0,pop not found,keep,,,,
,BLENNOWPLASMANFL,,PLASMA_NFL,NFL_PL,,<class 'numpy.float64'>,,"451.0, 6.4",3709.0,0.0,pop not found,keep,,,,
,BLENNOWPLASMANFL,,,VISIT_MONTH,,<class 'numpy.int64'>,,"96.0, 0.0",3709.0,0.0,pop not found,keep,,,,
,BLENNOWPLASMANFL,,,METHOD,,<class 'str'>,elisa,,3709.0,0.0,pop not found,keep,,,,
,BLENNOWPLASMANFL,,,Npositive,,<class 'numpy.int64'>,0,"0.0, 0.0",3709.0,0.0,pop not found,keep,,,,
,BLENNOWPLASMANFL,,,VISIT_MONTH,,,,,,,,,,,,
,BLENNOWPLASMANFL,,,METHOD,,,,,,,,,,,,
,BLENNOWPLASMANFL,,,VISIT_MONTH,,,,,,,,,,,,
,BLENNOWPLASMANFL,,,METHOD,,,,,,,,,,,,
,BLENNOWPLASMATAU,,RID,RID,,<class 'numpy.int64'>,,"1435.0, 2.0",575.0,0.0,pop not found,keep,,,,
,BLENNOWPLASMATAU,,VISCODE,VISCODE,,<class 'str'>,bl,,575.0,0.0,pop not found,keep,,,,
,BLENNOWPLASMATAU,,EXAMDATE,EXAMDATE,,<class 'datetime.date'>,,,575.0,0.0,pop not found,keep,,,,
,BLENNOWPLASMATAU,,PLASMATAU,TTAU_PL,,<class 'numpy.float64'>,,"17.55, 0.08",575.0,0.0,pop not found,keep,,,,
,BLENNOWPLASMATAU,,,VISIT_MONTH,,<class 'numpy.int64'>,0,"0.0, 0.0",575.0,0.0,pop not found,keep,,,,
,BLENNOWPLASMATAU,,,METHOD,,<class 'str'>,simoa,,575.0,0.0,pop not found,keep,,,,
,BLENNOWPLASMATAU,,,Tpositive,,<class 'numpy.int64'>,0,"0.0, 0.0",575.0,0.0,pop not found,keep,,,,
,BLENNOWPLASMATAU,,,VISIT_MONTH,,,,,,,,,,,,
,BLENNOWPLASMATAU,,,METHOD,,,,,,,,,,,,
,BLENNOWPLASMATAU,,,VISIT_MONTH,,,,,,,,,,,,
,BLENNOWPLASMATAU,,,METHOD,,,,,,,,,,,,
,BLENNOWPLASMATAU,,,VISIT_MONTH,,,,,,,,,,,,
,BLENNOWPLASMATAU,,,METHOD,,,,,,,,,,,,
,BLENNOWPLASMATAU,,,VISIT_MONTH,,,,,,,,,,,,
,BLENNOWPLASMATAU,,,METHOD,,,,,,,,,,,,
,C2N_PRECIVITYAD2_PLASMA,Cohort,PHASE,COHORT,,<class 'str'>,ADNI4,,676.0,0.0,"ADNI1, ADNIGO, ADNI2, ADNI3",keep,,,,
,C2N_PRECIVITYAD2_PLASMA,,RID,RID,,<class 'numpy.int64'>,,"10470.0, 21.0",676.0,0.0,"ADNI1, ADNIGO, ADNI2, ADNI3",keep,,,,
,C2N_PRECIVITYAD2_PLASMA,,VISCODE2,VISCODE,,<class 'str'>,"m216, m210, m204, m222, m162",,676.0,0.0,"ADNI1, ADNIGO, ADNI2, ADNI3",keep,,,,
,C2N_PRECIVITYAD2_PLASMA,,EXAMDATE,EXAMDATE,,<class 'datetime.date'>,,,676.0,0.0,"ADNI1, ADNIGO, ADNI2, ADNI3",keep,,,,
,C2N_PRECIVITYAD2_PLASMA,,pT217_C2N,PT217_PL,,<class 'numpy.float64'>,,"19.358, 0.65",673.0,3.0,"ADNI1, ADNIGO, ADNI2, ADNI3",keep,,,,
,C2N_PRECIVITYAD2_PLASMA,,npT217_C2N,nPT217_PL,,<class 'numpy.float64'>,,"186.402, 13.651",672.0,4.0,"ADNI1, ADNIGO, ADNI2, ADNI3",keep,,,,
,C2N_PRECIVITYAD2_PLASMA,,AB42_C2N,AB42_PL,,<class 'numpy.float64'>,,"108.247, 15.261",668.0,8.0,"ADNI1, ADNIGO, ADNI2, ADNI3",keep,,,,
,C2N_PRECIVITYAD2_PLASMA,,AB40_C2N,AB40_PL,,<class 'numpy.float64'>,,"1072.476, 98.146",668.0,8.0,"ADNI1, ADNIGO, ADNI2, ADNI3",keep,,,,
,C2N_PRECIVITYAD2_PLASMA,,AB42_AB40_C2N,AB4240_PL,,<class 'numpy.float64'>,,"0.694, 0.072",668.0,8.0,"ADNI1, ADNIGO, ADNI2, ADNI3",keep,,,,
,C2N_PRECIVITYAD2_PLASMA,,pT217_npT217_C2N,PT217_nPT217_PL,,<class 'numpy.float64'>,,"27.76, 0.55",672.0,4.0,"ADNI1, ADNIGO, ADNI2, ADNI3",keep,,,,
,C2N_PRECIVITYAD2_PLASMA,,APOE_C2N,APOE,,<class 'str'>,"E3/E3, E3/E4, E2/E3, E4/E4, E2/E4, E2/E2, nan",,675.0,1.0,"ADNI1, ADNIGO, ADNI2, ADNI3",keep,,,,
,C2N_PRECIVITYAD2_PLASMA,,Comments,COMMENTS,,<class 'str'>,"nan, p-tau217 LOD, Sample Corrected for Dilution p-tau, p-tau217 LOD; Contaminant present Abeta, p-tau217 LOD; Sample Corrected for Dilution p-tau",,439.0,237.0,"ADNI1, ADNIGO, ADNI2, ADNI3",drop,,,,
,C2N_PRECIVITYAD2_PLASMA,,,VISIT_MONTH,,<class 'numpy.int64'>,"0, 12, 11, 13, 15","15.0, 0.0",676.0,0.0,"ADNI1, ADNIGO, ADNI2, ADNI3",keep,,,,
,C2N_PRECIVITYAD2_PLASMA,,,METHOD,,<class 'str'>,massospectrometry,,676.0,0.0,"ADNI1, ADNIGO, ADNI2, ADNI3",keep,,,,
,C2N_PRECIVITYAD2_PLASMA,,,Apositive,,<class 'numpy.int64'>,"1, <NA>, 0","1.0, 0.0",668.0,8.0,"ADNI1, ADNIGO, ADNI2, ADNI3",keep,,,,
,C2N_PRECIVITYAD2_PLASMA,,,Tpositive,,<class 'numpy.int64'>,"0, <NA>","0.0, 0.0",673.0,3.0,"ADNI1, ADNIGO, ADNI2, ADNI3",keep,,,,
,C2N_PRECIVITYAD2_PLASMA,,,VISIT_MONTH,,,,,,,,,,,,
,C2N_PRECIVITYAD2_PLASMA,,,METHOD,,,,,,,,,,,,
,C2N_PRECIVITYAD2_PLASMA,,,VISIT_MONTH,,,,,,,,,,,,
,C2N_PRECIVITYAD2_PLASMA,,,METHOD,,,,,,,,,,,,
,UGOTPTAU181,,RID,RID,,<class 'numpy.int64'>,,"5296.0, 2.0",3706.0,0.0,pop not found,keep,,,,
,UGOTPTAU181,,VISCODE2,VISCODE,,<class 'str'>,"m60, m72, m84, m96, m108",,3706.0,0.0,pop not found,keep,,,,
,UGOTPTAU181,,EXAMDATE,EXAMDATE,,<class 'datetime.date'>,,,3706.0,0.0,pop not found,keep,,,,
,UGOTPTAU181,,PLASMAPTAU181,PT181_PL,,<class 'numpy.float64'>,,"451.398, 0.362",3706.0,0.0,pop not found,keep,,,,
,UGOTPTAU181,,,VISIT_MONTH,,<class 'numpy.int64'>,,"96.0, 0.0",3706.0,0.0,pop not found,keep,,,,
,UGOTPTAU181,,,METHOD,,<class 'str'>,simoa,,3706.0,0.0,pop not found,keep,,,,
,UGOTPTAU181,,,Tpositive,,<class 'numpy.int64'>,"0, 1","1.0, 0.0",3706.0,0.0,pop not found,keep,,,,
,UGOTPTAU181,,,VISIT_MONTH,,,,,,,,,,,,
,UGOTPTAU181,,,METHOD,,,,,,,,,,,,
,UGOTPTAU181,,,VISIT_MONTH,,,,,,,,,,,,
,UGOTPTAU181,,,METHOD,,,,,,,,,,,,
,UGOTPTAU181,,,VISIT_MONTH,,,,,,,,,,,,
,UGOTPTAU181,,,METHOD,,,,,,,,,,,,
,UPENNPLASMA,,RID,RID,,<class 'numpy.int64'>,,"1427.0, 2.0",2432.0,0.0,pop not found,keep,,,,
,UPENNPLASMA,,VISCODE,VISCODE,,<class 'str'>,"bl, m12, m24, m36, m48, m06, m18",,2432.0,0.0,pop not found,keep,,,,
,UPENNPLASMA,,AB40,AB40_PL,,<class 'numpy.float64'>,,"371.8, 12.6",2420.0,12.0,pop not found,keep,,,,
,UPENNPLASMA,,AB42,AB42_PL,,<class 'numpy.float64'>,,"102.8, 3.5",2429.0,3.0,pop not found,keep,,,,
,UPENNPLASMA,,,VISIT_MONTH,,<class 'numpy.int64'>,"0, 12, 24, 36, 48, 6, 18","48.0, 0.0",2432.0,0.0,pop not found,keep,,,,
,UPENNPLASMA,,,METHOD,,<class 'str'>,unknown,,2432.0,0.0,pop not found,keep,,,,
,UPENNPLASMA,,,Apositive,,<class 'numpy.int64'>,"1, <NA>","1.0, 1.0",2429.0,3.0,pop not found,keep,,,,
,UPENNPLASMA,,,VISIT_MONTH,,,,,,,,,,,,
,UPENNPLASMA,,,METHOD,,,,,,,,,,,,
,UPENNPLASMA,,,VISIT_MONTH,,,,,,,,,,,,
,UPENNPLASMA,,,METHOD,,,,,,,,,,,,
,UPENNPLASMA,,,VISIT_MONTH,,,,,,,,,,,,
,UPENNPLASMA,,,METHOD,,,,,,,,,,,,
,UPENN_PLASMA_FUJIREBIO_QUANTERIX,Cohort,PHASE,COHORT,,<class 'str'>,"ADNI1, ADNI2, ADNI4, ADNI3, ADNIGO",,1728.0,0.0,,keep,,,,
,UPENN_PLASMA_FUJIREBIO_QUANTERIX,,RID,RID,,<class 'numpy.int64'>,,"10470.0, 2.0",1728.0,0.0,,keep,,,,
,UPENN_PLASMA_FUJIREBIO_QUANTERIX,,VISCODE2,VISCODE,,<class 'str'>,"bl, m120, m24, m48, m96",,1726.0,2.0,,keep,,,,
,UPENN_PLASMA_FUJIREBIO_QUANTERIX,,EXAMDATE,EXAMDATE,,<class 'datetime.date'>,,,1728.0,0.0,,keep,,,,
,UPENN_PLASMA_FUJIREBIO_QUANTERIX,,pT217_F,PT217_PL,,<class 'numpy.float64'>,,"5.555, 0.03",1728.0,0.0,,keep,,,,
,UPENN_PLASMA_FUJIREBIO_QUANTERIX,,AB42_F,AB42_PL,,<class 'numpy.float64'>,,"1000.0, 2.25",1722.0,6.0,,keep,,,,
,UPENN_PLASMA_FUJIREBIO_QUANTERIX,,AB40_F,AB40_PL,,<class 'numpy.float64'>,,"5000.0, 26.89",1723.0,5.0,,keep,,,,
,UPENN_PLASMA_FUJIREBIO_QUANTERIX,,AB42_AB40_F,AB4240_PL,,<class 'numpy.float64'>,,"0.6631, 0.0098",1722.0,6.0,,keep,,,,
,UPENN_PLASMA_FUJIREBIO_QUANTERIX,,pT217_AB42_F,PT217_AB42_PL,,<class 'numpy.float64'>,,"0.215060008, 0.00074",1722.0,6.0,,keep,,,,
,UPENN_PLASMA_FUJIREBIO_QUANTERIX,,NfL_Q,NFL_PL,,<class 'numpy.float64'>,,"278.0, -5.0",1728.0,0.0,,keep,,,,
,UPENN_PLASMA_FUJIREBIO_QUANTERIX,,GFAP_Q,GFAP,,<class 'numpy.float64'>,,"1783.0, -5.0",1728.0,0.0,,keep,,,,
,UPENN_PLASMA_FUJIREBIO_QUANTERIX,,,VISIT_MONTH,,<class 'numpy.int64'>,,"227.0, 0.0",1728.0,0.0,,keep,,,,
,UPENN_PLASMA_FUJIREBIO_QUANTERIX,,,METHOD,,<class 'str'>,quanterix,,1728.0,0.0,,keep,,,,
,UPENN_PLASMA_FUJIREBIO_QUANTERIX,,,Apositive,,<class 'numpy.int64'>,"1, <NA>, 0","1.0, 0.0",1722.0,6.0,,keep,,,,
,UPENN_PLASMA_FUJIREBIO_QUANTERIX,,,Tpositive,,<class 'numpy.int64'>,0,"0.0, 0.0",1728.0,0.0,,keep,,,,
,UPENN_PLASMA_FUJIREBIO_QUANTERIX,,,Npositive,,<class 'numpy.int64'>,"0, 1","1.0, 0.0",1728.0,0.0,,keep,,,,
,UPENN_PLASMA_FUJIREBIO_QUANTERIX,,,VISIT_MONTH,,,,,,,,,,,,
,UPENN_PLASMA_FUJIREBIO_QUANTERIX,,,METHOD,,,,,,,,,,,,
,UPENN_PLASMA_FUJIREBIO_QUANTERIX,,,VISIT_MONTH,,,,,,,,,,,,
,UPENN_PLASMA_FUJIREBIO_QUANTERIX,,,METHOD,,,,,,,,,,,,
,UCBERKELEY_TAU_6MM,,RID,RID,,<class 'numpy.int64'>,,"10875.0, 21.0",2315.0,0.0,pop not found,keep,,,,
,UCBERKELEY_TAU_6MM,,VISCODE2,VISCODE,,<class 'str'>,"m144, m228, m150, m162, m156",,2315.0,0.0,pop not found,keep,,,,
,UCBERKELEY_TAU_6MM,,TRACER_SUVR_WARNING,WARNING,,<class 'str'>,DO NOT COMPARE SUVRs ACROSS TRACERS,,2315.0,0.0,pop not found,keep,,,,
,UCBERKELEY_TAU_6MM,,CTX_ENTORHINAL_SUVR,ENTORHINAL_SUVR,,<class 'numpy.float64'>,,"3.398, 0.674",2315.0,0.0,pop not found,keep,,,,
,UCBERKELEY_TAU_6MM,,CSF_SUVR,CSF_SUVR,,<class 'numpy.float64'>,,"1.629, 0.451",2224.0,91.0,pop not found,keep,,,,
,UCBERKELEY_TAU_6MM,,CTX_FUSIFORM_SUVR,FUSIFORM_SUVR,,<class 'numpy.float64'>,,"4.095, 0.8",2224.0,91.0,pop not found,keep,,,,
,UCBERKELEY_TAU_6MM,,CTX_INFERIORPARIETAL_SUVR,INFERIORPARIETAL_SUVR,,<class 'numpy.float64'>,,"4.384, 0.807",2224.0,91.0,pop not found,keep,,,,
,UCBERKELEY_TAU_6MM,,CTX_INFERIORTEMPORAL_SUVR,INFERIOR_TEMPORAL_SUVR,,<class 'numpy.float64'>,,"4.528, 0.803",2224.0,91.0,pop not found,keep,,,,
,UCBERKELEY_TAU_6MM,,CTX_LATERALOCCIPITAL_SUVR,LATERALOCCIPITAL_SUVR,,<class 'numpy.float64'>,,"5.025, 0.853",2224.0,91.0,pop not found,keep,,,,
,UCBERKELEY_TAU_6MM,,CTX_MIDDLETEMPORAL_SUVR,MIDDLETEMPORAL_SUVR,,<class 'numpy.float64'>,,"4.0, 0.793",2224.0,91.0,pop not found,keep,,,,
,UCBERKELEY_TAU_6MM,,CTX_PARAHIPPOCAMPAL_SUVR,PARAHIPPOCAMPAL_SUVR,,<class 'numpy.float64'>,,"3.196, 0.682",2224.0,91.0,pop not found,keep,,,,
,UCBERKELEY_TAU_6MM,,CTX_PRECUNEUS_SUVR,PRECUNEUS_SUVR,,<class 'numpy.float64'>,,"4.037, 0.638",2224.0,91.0,pop not found,keep,,,,
,UCBERKELEY_TAU_6MM,,,VISIT_MONTH,,<class 'numpy.int64'>,,"119.0, 0.0",2315.0,0.0,pop not found,keep,,,,
,UCBERKELEY_TAU_6MM,,,METHOD,,<class 'str'>,"FTP, unknown",,2315.0,0.0,pop not found,keep,,,,
,UCBERKELEY_TAU_6MM,,,CTX_ENTORHINAL_VOLUME,,<class 'numpy.float64'>,,"5946.0, 746.0",2224.0,91.0,pop not found,keep,,,,
,UCBERKELEY_TAU_6MM,,,CSF_VOLUME,,<class 'numpy.float64'>,,"3763.0, 628.0",2224.0,91.0,pop not found,keep,,,,
,UCBERKELEY_TAU_6MM,,,CTX_FUSIFORM_VOLUME,,<class 'numpy.float64'>,,"26688.0, 9510.0",2224.0,91.0,pop not found,keep,,,,
,UCBERKELEY_TAU_6MM,,,CTX_INFERIORPARIETAL_VOLUME,,<class 'numpy.float64'>,,"37678.0, 12378.0",2224.0,91.0,pop not found,keep,,,,
,UCBERKELEY_TAU_6MM,,,CTX_INFERIORTEMPORAL_VOLUME,,<class 'numpy.float64'>,,"31454.0, 9660.0",2224.0,91.0,pop not found,keep,,,,
,UCBERKELEY_TAU_6MM,,,CTX_LATERALOCCIPITAL_VOLUME,,<class 'numpy.float64'>,,"35627.0, 9370.0",2224.0,91.0,pop not found,keep,,,,
,UCBERKELEY_TAU_6MM,,,CTX_MIDDLETEMPORAL_VOLUME,,<class 'numpy.float64'>,,"31685.0, 11213.0",2224.0,91.0,pop not found,keep,,,,
,UCBERKELEY_TAU_6MM,,,CTX_PARAHIPPOCAMPAL_VOLUME,,<class 'numpy.float64'>,,"5685.0, 1751.0",2224.0,91.0,pop not found,keep,,,,
,UCBERKELEY_TAU_6MM,,,CTX_PRECUNEUS_VOLUME,,<class 'numpy.float64'>,,"27581.0, 9272.0",2224.0,91.0,pop not found,keep,,,,
,UCBERKELEY_TAU_6MM,,,TAU_METAROI,,<class 'numpy.float64'>,,"3.699, 0.74475",2315.0,0.0,pop not found,keep,,,,
,UCBERKELEY_TAU_6MM,,,Apositive,,<class 'numpy.int64'>,"1, 0, <NA>","1.0, 0.0",2224.0,91.0,pop not found,keep,,,,
,UCBERKELEY_TAU_6MM,,,Tpositive,,<class 'numpy.int64'>,"0, 1","1.0, 0.0",2315.0,0.0,pop not found,keep,,,,
,UCBERKELEY_TAU_6MM,,,VISIT_MONTH,,,,,,,,,,,,
,UCBERKELEY_TAU_6MM,,,METHOD,,,,,,,,,,,,
,UCBERKELEY_TAU_6MM,,,CTX_ENTORHINAL_VOLUME,,,,,,,,,,,,
,UCBERKELEY_TAU_6MM,,,CSF_VOLUME,,,,,,,,,,,,
,UCBERKELEY_TAU_6MM,,,CTX_FUSIFORM_VOLUME,,,,,,,,,,,,
,UCBERKELEY_TAU_6MM,,,CTX_INFERIORPARIETAL_VOLUME,,,,,,,,,,,,
,UCBERKELEY_TAU_6MM,,,CTX_INFERIORTEMPORAL_VOLUME,,,,,,,,,,,,
,UCBERKELEY_TAU_6MM,,,CTX_LATERALOCCIPITAL_VOLUME,,,,,,,,,,,,
,UCBERKELEY_TAU_6MM,,,CTX_MIDDLETEMPORAL_VOLUME,,,,,,,,,,,,
,UCBERKELEY_TAU_6MM,,,CTX_PARAHIPPOCAMPAL_VOLUME,,,,,,,,,,,,
,UCBERKELEY_TAU_6MM,,,CTX_PRECUNEUS_VOLUME,,,,,,,,,,,,
,UCBERKELEY_TAU_6MM,,,VISIT_MONTH,,,,,,,,,,,,
,UCBERKELEY_TAU_6MM,,,METHOD,,,,,,,,,,,,
,UCBERKELEY_TAU_6MM,,,CTX_ENTORHINAL_VOLUME,,,,,,,,,,,,
,UCBERKELEY_TAU_6MM,,,CSF_VOLUME,,,,,,,,,,,,
,UCBERKELEY_TAU_6MM,,,CTX_FUSIFORM_VOLUME,,,,,,,,,,,,
,UCBERKELEY_TAU_6MM,,,CTX_INFERIORPARIETAL_VOLUME,,,,,,,,,,,,
,UCBERKELEY_TAU_6MM,,,CTX_INFERIORTEMPORAL_VOLUME,,,,,,,,,,,,
,UCBERKELEY_TAU_6MM,,,CTX_LATERALOCCIPITAL_VOLUME,,,,,,,,,,,,
,UCBERKELEY_TAU_6MM,,,CTX_MIDDLETEMPORAL_VOLUME,,,,,,,,,,,,
,UCBERKELEY_TAU_6MM,,,CTX_PARAHIPPOCAMPAL_VOLUME,,,,,,,,,,,,
,UCBERKELEY_TAU_6MM,,,CTX_PRECUNEUS_VOLUME,,,,,,,,,,,,
,UCBERKELEY_AMY_6MM,,RID,RID,,<class 'numpy.int64'>,None,"10875.0, 21.0",4562.0,0.0,pop not found,keep,,,,
,UCBERKELEY_AMY_6MM,,VISCODE2,VISCODE,,<class 'str'>,"m48, m72, m126, m150, m180",None,4562.0,0.0,pop not found,keep,,,,
,UCBERKELEY_AMY_6MM,,SCANDATE,EXAMDATE,,<class 'datetime.date'>,None,None,4562.0,0.0,pop not found,keep,,,,
,UCBERKELEY_AMY_6MM,,TRACER_SUVR_WARNING,WARNING,,<class 'str'>,USE CENTILOIDS (NOT SUVRs) TO COMPARE ACROSS TRACERS,None,4562.0,0.0,pop not found,keep,,,,
,UCBERKELEY_AMY_6MM,,AMYLOID_STATUS,AMYLOID_STATUS,,<class 'numpy.float64'>,"0.0, 1.0, nan","1.0, 0.0",4494.0,68.0,pop not found,keep,,,,
,UCBERKELEY_AMY_6MM,,AMYLOID_STATUS_COMPOSITE_REF,AMYLOID_STATUS_COMPOSITE_REF,,<class 'numpy.float64'>,"0.0, 1.0, nan","1.0, 0.0",4494.0,68.0,pop not found,keep,,,,
,UCBERKELEY_AMY_6MM,,CENTILOIDS,AMY_CENTILOIDS,,<class 'numpy.float64'>,None,"346.0, -39.0",4475.0,87.0,pop not found,keep,,,,
,UCBERKELEY_AMY_6MM,,SUMMARY_SUVR,SUMMARY_SUVR,,<class 'numpy.float64'>,None,"2.842, 0.797",4562.0,0.0,pop not found,keep,,,,
,UCBERKELEY_AMY_6MM,,CTX_ENTORHINAL_SUVR,ENTORHINAL_SUVR,,<class 'numpy.float64'>,None,"1.639, 0.505",4223.0,339.0,pop not found,keep,,,,
,UCBERKELEY_AMY_6MM,,CTX_INFERIORTEMPORAL_SUVR,INFERIOR_TEMPORAL_SUVR,,<class 'numpy.float64'>,None,"2.499, 0.804",4223.0,339.0,pop not found,keep,,,,
,UCBERKELEY_AMY_6MM,,RID,RID,,,,,,,,keep,,,,
,UCBERKELEY_AMY_6MM,,VISCODE2,VISCODE,,,,,,,,keep,,,,
,UCBERKELEY_AMY_6MM,,SCANDATE,EXAMDATE,,,,,,,,keep,,,,
,UCBERKELEY_AMY_6MM,,,VISIT_MONTH,,<class 'numpy.int64'>,None,"177.0, 0.0",4562.0,0.0,pop not found,keep,,,,
,UCBERKELEY_AMY_6MM,,,METHOD,,<class 'str'>,"FBP, FBB, NAV",None,4562.0,0.0,pop not found,keep,,,,
,UCBERKELEY_AMY_6MM,,,SUMMARY_VOLUME,,<class 'numpy.float64'>,None,"423018.0, 179914.0",4223.0,339.0,pop not found,keep,,,,
,UCBERKELEY_AMY_6MM,,,CTX_ENTORHINAL_VOLUME,,<class 'numpy.float64'>,None,"6911.0, 746.0",4223.0,339.0,pop not found,keep,,,,
,UCBERKELEY_AMY_6MM,,,CTX_INFERIORTEMPORAL_VOLUME,,<class 'numpy.float64'>,None,"31454.0, 8623.0",4223.0,339.0,pop not found,keep,,,,
,UCBERKELEY_AMY_6MM,,,TAU_METAROI,,<class 'numpy.float64'>,None,"2.013, 0.6955",4223.0,339.0,pop not found,keep,,,,
,UCBERKELEY_AMY_6MM,,,Apositive,,<class 'numpy.int64'>,"0, 1, <NA>","1.0, 0.0",4561.0,1.0,pop not found,keep,,,,
,UCBERKELEY_AMY_6MM,,,Tpositive,,<class 'numpy.int64'>,"<NA>, 0, 1","1.0, 0.0",4223.0,339.0,pop not found,keep,,,,
,UCBERKELEY_AMY_6MM,,,VISIT_MONTH,,,,,,,,,,,,
,UCBERKELEY_AMY_6MM,,,METHOD,,,,,,,,,,,,
,UCBERKELEY_AMY_6MM,,,SUMMARY_VOLUME,,,,,,,,,,,,
,UCBERKELEY_AMY_6MM,,,CTX_ENTORHINAL_VOLUME,,,,,,,,,,,,
,UCBERKELEY_AMY_6MM,,,CTX_INFERIORTEMPORAL_VOLUME,,,,,,,,,,,,
,UCBERKELEY_AMY_6MM,,,VISIT_MONTH,,,,,,,,,,,,
,UCBERKELEY_AMY_6MM,,,METHOD,,,,,,,,,,,,
,UCBERKELEY_AMY_6MM,,,SUMMARY_VOLUME,,,,,,,,,,,,
,UCBERKELEY_AMY_6MM,,,CTX_ENTORHINAL_VOLUME,,,,,,,,,,,,
,UCBERKELEY_AMY_6MM,,,CTX_INFERIORTEMPORAL_VOLUME,,,,,,,,,,,,
,UCBERKELEY_TAUPVC_6MM,,TRACER_SUVR_WARNING,WARNING,,<class 'str'>,DO NOT COMPARE SUVRs ACROSS TRACERS,,2094.0,0.0,pop not found,keep,,,,
,UCBERKELEY_TAUPVC_6MM,,CTX_ENTORHINAL_SUVR,ENTORHINAL_SUVR,,<class 'numpy.float64'>,,"5.771, 0.602",2094.0,0.0,pop not found,keep,,,,
,UCBERKELEY_TAUPVC_6MM,,CSF_SUVR,CSF_SUVR,,<class 'numpy.float64'>,,"0.844, 0.007",2092.0,2.0,pop not found,keep,,,,
,UCBERKELEY_TAUPVC_6MM,,CTX_FUSIFORM_SUVR,FUSIFORM_SUVR,,<class 'numpy.float64'>,,"8.054, 0.459",2094.0,0.0,pop not found,keep,,,,
,UCBERKELEY_TAUPVC_6MM,,CTX_INFERIORPARIETAL_SUVR,INFERIORPARIETAL_SUVR,,<class 'numpy.float64'>,,"8.66, 0.811",2094.0,0.0,pop not found,keep,,,,
,UCBERKELEY_TAUPVC_6MM,,CTX_INFERIORTEMPORAL_SUVR,INFERIOR_TEMPORAL_SUVR,,<class 'numpy.float64'>,,"8.074, 0.687",2094.0,0.0,pop not found,keep,,,,
,UCBERKELEY_TAUPVC_6MM,,CTX_LATERALOCCIPITAL_SUVR,LATERALOCCIPITAL_SUVR,,<class 'numpy.float64'>,,"11.414, 0.454",2094.0,0.0,pop not found,keep,,,,
,UCBERKELEY_TAUPVC_6MM,,CTX_MIDDLETEMPORAL_SUVR,MIDDLETEMPORAL_SUVR,,<class 'numpy.float64'>,,"6.668, 0.508",2094.0,0.0,pop not found,keep,,,,
,UCBERKELEY_TAUPVC_6MM,,CTX_PARAHIPPOCAMPAL_SUVR,PARAHIPPOCAMPAL_SUVR,,<class 'numpy.float64'>,,"5.406, 0.279",2094.0,0.0,pop not found,keep,,,,
,UCBERKELEY_TAUPVC_6MM,,CTX_PRECUNEUS_SUVR,PRECUNEUS_SUVR,,<class 'numpy.float64'>,,"8.131, 0.717",2094.0,0.0,pop not found,keep,,,,
,UCBERKELEY_TAUPVC_6MM,,,RID,,<class 'numpy.int64'>,,"10770.0, 21.0",2094.0,0.0,pop not found,keep,,,,
,UCBERKELEY_TAUPVC_6MM,,,VISCODE2,,<class 'str'>,"m144, m228, m150, m162, m156",,2094.0,0.0,pop not found,keep,,,,
,UCBERKELEY_TAUPVC_6MM,,,VISIT_MONTH,,<class 'numpy.int64'>,,"113.0, 0.0",2094.0,0.0,pop not found,keep,,,,
,UCBERKELEY_TAUPVC_6MM,,,SCANDATE,,<class 'datetime.date'>,,,2094.0,0.0,pop not found,keep,,,,
,UCBERKELEY_TAUPVC_6MM,,,METHOD,,<class 'str'>,"FTP, unknown",,2094.0,0.0,pop not found,keep,,,,
,UCBERKELEY_TAUPVC_6MM,,,CTX_ENTORHINAL_VOLUME,,<class 'numpy.float64'>,,"5946.0, 746.0",2094.0,0.0,pop not found,keep,,,,
,UCBERKELEY_TAUPVC_6MM,,,CSF_VOLUME,,<class 'numpy.float64'>,,"3763.0, 628.0",2094.0,0.0,pop not found,keep,,,,
,UCBERKELEY_TAUPVC_6MM,,,CTX_FUSIFORM_VOLUME,,<class 'numpy.float64'>,,"26688.0, 9510.0",2094.0,0.0,pop not found,keep,,,,
,UCBERKELEY_TAUPVC_6MM,,,CTX_INFERIORPARIETAL_VOLUME,,<class 'numpy.float64'>,,"37678.0, 12378.0",2094.0,0.0,pop not found,keep,,,,
,UCBERKELEY_TAUPVC_6MM,,,CTX_INFERIORTEMPORAL_VOLUME,,<class 'numpy.float64'>,,"31454.0, 9660.0",2094.0,0.0,pop not found,keep,,,,
,UCBERKELEY_TAUPVC_6MM,,,CTX_LATERALOCCIPITAL_VOLUME,,<class 'numpy.float64'>,,"35627.0, 9370.0",2094.0,0.0,pop not found,keep,,,,
,UCBERKELEY_TAUPVC_6MM,,,CTX_MIDDLETEMPORAL_VOLUME,,<class 'numpy.float64'>,,"31685.0, 11213.0",2094.0,0.0,pop not found,keep,,,,
,UCBERKELEY_TAUPVC_6MM,,,CTX_PARAHIPPOCAMPAL_VOLUME,,<class 'numpy.float64'>,,"5685.0, 1751.0",2094.0,0.0,pop not found,keep,,,,
,UCBERKELEY_TAUPVC_6MM,,,CTX_PRECUNEUS_VOLUME,,<class 'numpy.float64'>,,"27581.0, 9272.0",2094.0,0.0,pop not found,keep,,,,
,UCBERKELEY_TAUPVC_6MM,,,TAU_METAROI,,<class 'numpy.float64'>,,"6.682499999999999, 0.55125",2094.0,0.0,pop not found,keep,,,,
,UCBERKELEY_TAUPVC_6MM,,,Apositive,,<class 'numpy.int64'>,"1, 0","1.0, 0.0",2094.0,0.0,pop not found,keep,,,,
,UCBERKELEY_TAUPVC_6MM,,,Tpositive,,<class 'numpy.int64'>,"1, 0","1.0, 0.0",2094.0,0.0,pop not found,keep,,,,
,UCBERKELEY_TAUPVC_6MM,,,RID,,,,,,,,,,,,
,UCBERKELEY_TAUPVC_6MM,,,VISCODE2,,,,,,,,,,,,
,UCBERKELEY_TAUPVC_6MM,,,VISIT_MONTH,,,,,,,,,,,,
,UCBERKELEY_TAUPVC_6MM,,,SCANDATE,,,,,,,,,,,,
,UCBERKELEY_TAUPVC_6MM,,,METHOD,,,,,,,,,,,,
,UCBERKELEY_TAUPVC_6MM,,,CTX_ENTORHINAL_VOLUME,,,,,,,,,,,,
,UCBERKELEY_TAUPVC_6MM,,,CSF_VOLUME,,,,,,,,,,,,
,UCBERKELEY_TAUPVC_6MM,,,CTX_FUSIFORM_VOLUME,,,,,,,,,,,,
,UCBERKELEY_TAUPVC_6MM,,,CTX_INFERIORPARIETAL_VOLUME,,,,,,,,,,,,
,UCBERKELEY_TAUPVC_6MM,,,CTX_INFERIORTEMPORAL_VOLUME,,,,,,,,,,,,
,UCBERKELEY_TAUPVC_6MM,,,CTX_LATERALOCCIPITAL_VOLUME,,,,,,,,,,,,
,UCBERKELEY_TAUPVC_6MM,,,CTX_MIDDLETEMPORAL_VOLUME,,,,,,,,,,,,
,UCBERKELEY_TAUPVC_6MM,,,CTX_PARAHIPPOCAMPAL_VOLUME,,,,,,,,,,,,
,UCBERKELEY_TAUPVC_6MM,,,CTX_PRECUNEUS_VOLUME,,,,,,,,,,,,
,UCBERKELEY_TAUPVC_6MM,,,RID,,,,,,,,,,,,
,UCBERKELEY_TAUPVC_6MM,,,VISCODE2,,,,,,,,,,,,
,UCBERKELEY_TAUPVC_6MM,,,VISIT_MONTH,,,,,,,,,,,,
,UCBERKELEY_TAUPVC_6MM,,,SCANDATE,,,,,,,,,,,,
,UCBERKELEY_TAUPVC_6MM,,,METHOD,,,,,,,,,,,,
,UCBERKELEY_TAUPVC_6MM,,,CTX_ENTORHINAL_VOLUME,,,,,,,,,,,,
,UCBERKELEY_TAUPVC_6MM,,,CSF_VOLUME,,,,,,,,,,,,
,UCBERKELEY_TAUPVC_6MM,,,CTX_FUSIFORM_VOLUME,,,,,,,,,,,,
,UCBERKELEY_TAUPVC_6MM,,,CTX_INFERIORPARIETAL_VOLUME,,,,,,,,,,,,
,UCBERKELEY_TAUPVC_6MM,,,CTX_INFERIORTEMPORAL_VOLUME,,,,,,,,,,,,
,UCBERKELEY_TAUPVC_6MM,,,CTX_LATERALOCCIPITAL_VOLUME,,,,,,,,,,,,
,UCBERKELEY_TAUPVC_6MM,,,CTX_MIDDLETEMPORAL_VOLUME,,,,,,,,,,,,
,UCBERKELEY_TAUPVC_6MM,,,CTX_PARAHIPPOCAMPAL_VOLUME,,,,,,,,,,,,
,UCBERKELEY_TAUPVC_6MM,,,CTX_PRECUNEUS_VOLUME,,,,,,,,,,,,
