file_name,file_code,parameter,variable_code,Unit,type_variable,classes,range,valid_values,missing_values,missing_pop,del,metadati_fattori,metadati_normalizzazione,Unnamed: 14,Unnamed: 15
Key ADNI tables merged into one table,ADNIMERGE,ID,PTID,,<class 'str'>,"011_S_0002, 011_S_0003, 022_S_0004, 011_S_0005, 100_S_0006",,16421,0,ADNI4,keep,,,,
Key ADNI tables merged into one table,ADNIMERGE,ID,RID,,<class 'numpy.int64'>,,"7125.0, 2.0",16421,0,ADNI4,keep,,,,
Key ADNI tables merged into one table,ADNIMERGE,Cohort,COLPROT,,<class 'str'>,"ADNI1, ADNI2, ADNIGO, ADNI3",,16421,0,ADNI4,keep,,,,
Key ADNI tables merged into one table,ADNIMERGE,visit,VISCODE,,<class 'str'>,"bl, m06, m12, m24, m18",,16421,0,ADNI4,keep,,,,
Key ADNI tables merged into one table,ADNIMERGE,visit,EXAMDATE,,<class 'str'>,"2005-09-08, 2005-09-12, 2006-03-13, 2006-09-12, 2007-09-12",,16421,0,ADNI4,keep,,,,
Key ADNI tables merged into one table,ADNIMERGE,Age,AGE,,<class 'numpy.float64'>,,"91.4, 50.4",16412,9,ADNI4,keep,,,,
Key ADNI tables merged into one table,ADNIMERGE,Sex,PTGENDER,,<class 'str'>,"Male, Female",,16421,0,ADNI4,keep,cofattore,,,
Key ADNI tables merged into one table,ADNIMERGE,Education,PTEDUCAT,,<class 'numpy.int64'>,,"20.0, 4.0",16421,0,ADNI4,keep,cofattore,,,
Key ADNI tables merged into one table,ADNIMERGE,Ethnicity,PTETHCAT,,<class 'str'>,"Not Hisp/Latino, Hisp/Latino, Unknown",,16421,0,ADNI4,keep,cofattore,,,
Key ADNI tables merged into one table,ADNIMERGE,Ethnicity,PTRACCAT,,<class 'str'>,"White, More than one, Black, Asian, Am Indian/Alaskan, Unknown, Hawaiian/Other PI",,16421,0,ADNI4,keep,cofattore,,,
Key ADNI tables merged into one table,ADNIMERGE,Marry,PTMARRY,,<class 'str'>,"Married, Divorced, Widowed, Never married, Unknown, nan",,16420,1,ADNI4,keep,cofattore,,,
Key ADNI tables merged into one table,ADNIMERGE,APOE,APOE4,,<class 'numpy.float64'>,"0.0, 1.0, 2.0, nan","2.0, 0.0",16056,365,ADNI4,keep,cofattore,,,
Key ADNI tables merged into one table,ADNIMERGE,Abeta,PIB,,<class 'numpy.float64'>,,"2.9275, 1.095",223,16198,"ADNIGO, ADNI2, ADNI3, ADNI4",drop,predittore,intervallo,,
Key ADNI tables merged into one table,ADNIMERGE,Abeta,AV45,,<class 'numpy.float64'>,,"2.6866, 0.809",3080,13341,"ADNI1, ADNI4",drop,predittore,intervallo,,
Key ADNI tables merged into one table,ADNIMERGE,CDR,CDRSB,,<class 'numpy.float64'>,,"18.0, 0.0",11747,4674,ADNI4,keep,predittore,scala,,
Key ADNI tables merged into one table,ADNIMERGE,ADAS,ADAS11,,<class 'numpy.float64'>,,"70.0, 0.0",11431,4990,ADNI4,keep,predittore,scala,,
Key ADNI tables merged into one table,ADNIMERGE,ADAS,ADAS13,,<class 'numpy.float64'>,,"85.0, 0.0",11330,5091,ADNI4,keep,predittore,scala,,
Key ADNI tables merged into one table,ADNIMERGE,MMSE,MMSE,,<class 'numpy.float64'>,,"30.0, 0.0",11469,4952,ADNI4,keep,predittore,scala,,
Key ADNI tables merged into one table,ADNIMERGE,RAVLT ,RAVLT_immediate,,<class 'numpy.float64'>,,"75.0, 0.0",11346,5075,ADNI4,keep,predittore,scala,,
Key ADNI tables merged into one table,ADNIMERGE,FAQ,FAQ,,<class 'numpy.float64'>,,"30.0, 0.0",11743,4678,ADNI4,keep,predittore,scala,,
Key ADNI tables merged into one table,ADNIMERGE,MOCA,MOCA,,<class 'numpy.float64'>,,"30.0, 0.0",7426,8995,"ADNI1, ADNI4",drop,predittore,scala,,
Key ADNI tables merged into one table,ADNIMERGE,Volume,Ventricles,,<class 'numpy.float64'>,,"162729.0, 5650.0",9468,6953,ADNI4,drop,predittore,volume,,
Key ADNI tables merged into one table,ADNIMERGE,Volume,Hippocampus,,<class 'numpy.float64'>,,"11207.0, 2219.0",8853,7568,ADNI4,drop,predittore,volume,,
Key ADNI tables merged into one table,ADNIMERGE,Volume,Entorhinal,,<class 'numpy.float64'>,,"7062.0, 976.0",8440,7981,ADNI4,drop,predittore,volume,,
Key ADNI tables merged into one table,ADNIMERGE,Volume,Fusiform,,<class 'numpy.float64'>,,"29950.0, 7739.0",8440,7981,ADNI4,drop,predittore,volume,,
Key ADNI tables merged into one table,ADNIMERGE,Volume,MidTemp,,<class 'numpy.float64'>,,"32324.0, 8044.0",8440,7981,ADNI4,drop,predittore,volume,,
Key ADNI tables merged into one table,ADNIMERGE,Volume,ICV,,<class 'numpy.float64'>,,"3500150.0, 708913.0",10115,6306,ADNI4,drop,predittore,volume,,
Key ADNI tables merged into one table,ADNIMERGE,Diagnosi,DX,,<class 'str'>,"CN, Dementia, MCI, nan",,11458,4963,ADNI4,keep,,,,
ADSP Phenotype Harmonization Consortium (PHC) - Composite Biomarker Scores,ADSP_PHC_BIOMARKER,ID,RID,,<class 'numpy.int64'>,,"5296.0, 3.0",1247,0,"ADNI3, ADNI4",keep,,,,
ADSP Phenotype Harmonization Consortium (PHC) - Composite Biomarker Scores,ADSP_PHC_BIOMARKER,Cohort,PHASE,,<class 'str'>,"ADNI1, ADNIGO, ADNI2",,1247,0,"ADNI3, ADNI4",keep,,,,
ADSP Phenotype Harmonization Consortium (PHC) - Composite Biomarker Scores,ADSP_PHC_BIOMARKER,Visit,VISCODE2,,<class 'str'>,"m12, m60, m24, bl, m84, m48, m72, m36",,1247,0,"ADNI3, ADNI4",keep,,,,
ADSP Phenotype Harmonization Consortium (PHC) - Composite Biomarker Scores,ADSP_PHC_BIOMARKER,Visit,DRAWDATE,,<class 'str'>,"2006-09-13, 2006-11-28, 2006-09-06, 2006-09-20, 2006-11-10",,1247,0,"ADNI3, ADNI4",keep,,,,
ADSP Phenotype Harmonization Consortium (PHC) - Composite Biomarker Scores,ADSP_PHC_BIOMARKER,Education,PHC_Education,,<class 'numpy.int64'>,,"20.0, 4.0",1247,0,"ADNI3, ADNI4",keep,cofattore,,,
ADSP Phenotype Harmonization Consortium (PHC) - Composite Biomarker Scores,ADSP_PHC_BIOMARKER,Ethnicity,PHC_Ethnicity,,<class 'numpy.float64'>,"2.0, 1.0, nan","2.0, 1.0",1240,7,"ADNI3, ADNI4",keep,cofattore,,,
ADSP Phenotype Harmonization Consortium (PHC) - Composite Biomarker Scores,ADSP_PHC_BIOMARKER,Ethnicity,PHC_Race,,<class 'numpy.int64'>,"5, 3, 2, 6, 1, 4","6.0, 1.0",1247,0,"ADNI3, ADNI4",keep,cofattore,,,
ADSP Phenotype Harmonization Consortium (PHC) - Composite Biomarker Scores,ADSP_PHC_BIOMARKER,Sex,PHC_Sex,,<class 'numpy.int64'>,"1, 2","2.0, 1.0",1247,0,"ADNI3, ADNI4",keep,cofattore,,,
ADSP Phenotype Harmonization Consortium (PHC) - Composite Biomarker Scores,ADSP_PHC_BIOMARKER,Diagnosi,PHC_Diagnosis,,<class 'numpy.float64'>,"3.0, 2.0, 1.0, nan","3.0, 1.0",1245,2,"ADNI3, ADNI4",keep,,,,
ADSP Phenotype Harmonization Consortium (PHC) - Composite Biomarker Scores,ADSP_PHC_BIOMARKER,Abeta,PHC_SCeNS_AB42_Score,,<class 'numpy.float64'>,,"93.9784578531717, -62.6428271053293",1238,9,"ADNI3, ADNI4",keep,predittore,intervallo,,
ADSP Phenotype Harmonization Consortium (PHC) - Composite Biomarker Scores,ADSP_PHC_BIOMARKER,Tau,PHC_SCeNS_pTau_Score,,<class 'numpy.float64'>,,"93.6386452771735, -100.0",1238,9,"ADNI3, ADNI4",keep,predittore,intervallo,,
ADSP Phenotype Harmonization Consortium (PHC) - Composite Biomarker Scores,ADSP_PHC_BIOMARKER,Age,PHC_Age_Biomarker,,<class 'numpy.float64'>,,"95.76, 54.76",1247,0,"ADNI3, ADNI4",keep,,,,
ADSP Phenotype Harmonization Consortium (PHC) - Composite Biomarker Scores,ADSP_PHC_BIOMARKER,Abeta,AB42_RAW,,<class 'numpy.float64'>,,"374.0, 75.3",1244,3,"ADNI3, ADNI4",keep,,,,
ADSP Phenotype Harmonization Consortium (PHC) - Composite Biomarker Scores,ADSP_PHC_BIOMARKER,Abeta,PHC_AB42,,<class 'numpy.float64'>,,"2.62575583932457, -2.50491980032413",1244,3,"ADNI3, ADNI4",keep,,,,
ADSP Phenotype Harmonization Consortium (PHC) - Composite Biomarker Scores,ADSP_PHC_BIOMARKER,Tau,Tau_RAW,,<class 'numpy.float64'>,,"330.0, 18.4",1214,33,"ADNI3, ADNI4",keep,,,,
ADSP Phenotype Harmonization Consortium (PHC) - Composite Biomarker Scores,ADSP_PHC_BIOMARKER,Tau,PHC_Tau,,<class 'numpy.float64'>,,"2.66834693328626, -2.75390285653023",1214,33,"ADNI3, ADNI4",keep,,,,
ADSP Phenotype Harmonization Consortium (PHC) - Composite Biomarker Scores,ADSP_PHC_BIOMARKER,Tau,pTau_RAW,,<class 'numpy.float64'>,,"170.0, 6.9",1240,7,"ADNI3, ADNI4",keep,,,,
ADSP Phenotype Harmonization Consortium (PHC) - Composite Biomarker Scores,ADSP_PHC_BIOMARKER,Tau,PHC_pTau,,<class 'numpy.float64'>,,"2.95236525879149, -2.97667099545672",1240,7,"ADNI3, ADNI4",keep,,,,
ADSP Phenotype Harmonization Consortium (PHC) - Composite Biomarker Scores,ADSP_PHC_BIOMARKER,ATN_profile,AT_class,,<class 'str'>,"A+T-, A-T-, A+T+, A-T+, nan",,1238,9,"ADNI3, ADNI4",keep,,,,
Diagnostic Summary - Baseline Changes,BLCHANGE,ID,PTID,,<class 'str'>,"022_S_0007, 100_S_0015, 023_S_0030, 023_S_0031, 022_S_0014",,15506,0,,keep,,,,
Diagnostic Summary - Baseline Changes,BLCHANGE,Cohort,PHASE,,<class 'str'>,"ADNI1, ADNIGO, ADNI2, ADNI3, ADNI4",,15506,0,,keep,,,,
Diagnostic Summary - Baseline Changes,BLCHANGE,ID,RID,,<class 'numpy.int64'>,,"10898.0, 2.0",15506,0,,keep,,,,
Diagnostic Summary - Baseline Changes,BLCHANGE,Visit,VISCODE2,,<class 'str'>,"bl, m06, m12, uns1, m18",,15496,10,,keep,,,,
Diagnostic Summary - Baseline Changes,BLCHANGE,Visit,EXAMDATE,,<class 'str'>,"2005-10-06, 2005-10-19, 2005-10-20, 2005-10-24, 2005-11-04",,15358,148,,keep,,,,
Diagnostic Summary - Baseline Changes,BLCHANGE,Diagnosi,BCPREDX,,<class 'numpy.float64'>,"-4.0, 2.0, 1.0, 3.0, nan","3.0, -4.0",4217,11289,"ADNI2, ADNI3, ADNI4",drop,,,,
Diagnostic Summary - Baseline Changes,BLCHANGE,ADAS,BCADAS,,<class 'numpy.float64'>,"-4.0, 0.0, 1.0, -1.0, nan","1.0, -4.0",10249,5257,,keep,predittore,scala,,
Diagnostic Summary - Baseline Changes,BLCHANGE,MMSE,BCMMSE,,<class 'numpy.float64'>,"-4.0, 1.0, 0.0, -1.0, nan","1.0, -4.0",10267,5239,,keep,predittore,scala,,
Diagnostic Summary - Baseline Changes,BLCHANGE,MMSE,BCMMSREC,,<class 'numpy.float64'>,"-4.0, 1.0, 0.0, -1.0, nan","1.0, -4.0",10265,5241,,keep,predittore,scala,,
Diagnostic Summary - Baseline Changes,BLCHANGE,MMSE,BCNMMMS,,<class 'numpy.float64'>,"-4.0, 1.0, 0.0, -1.0, nan","1.0, -4.0",10262,5244,,keep,predittore,scala,,
Diagnostic Summary - Baseline Changes,BLCHANGE,Other,BCNEUPSY,,<class 'numpy.float64'>,"-4.0, 1.0, 0.0, -1.0, nan","1.0, -4.0",10259,5247,,keep,predittore,,,
Diagnostic Summary - Baseline Changes,BLCHANGE,Other,BCNONMEM,,<class 'numpy.float64'>,"-4.0, 0.0, 1.0, -1.0, nan","1.0, -4.0",10258,5248,,keep,predittore,,,
Diagnostic Summary - Baseline Changes,BLCHANGE,FAQ,BCFAQ,,<class 'numpy.float64'>,"-4.0, 0.0, 1.0, -1.0, nan","1.0, -4.0",10277,5229,,keep,predittore,scala,,
Diagnostic Summary - Baseline Changes,BLCHANGE,Other,BCDEPRES,,<class 'numpy.float64'>,"-4.0, 0.0, 1.0, nan","1.0, -4.0",10334,5172,,keep,predittore,,,
Diagnostic Summary - Baseline Changes,BLCHANGE,Other,BCSTROKE,,<class 'numpy.float64'>,"-4.0, 0.0, 1.0, nan","1.0, -4.0",12275,3231,,keep,predittore,,,
Diagnostic Summary - Baseline Changes,BLCHANGE,CDR,BCCDR,,<class 'numpy.float64'>,"-4.0, 1.0, 0.0, -1.0, nan","1.0, -4.0",10242,5264,,keep,predittore,scala,,
Participant Demographic Information,PTDEMOG,ID,PTID,,<class 'str'>,"011_S_0002, 022_S_0001, 011_S_0003, 022_S_0004, 011_S_0005",,6167,0,,keep,,,,
Participant Demographic Information,PTDEMOG,Cohort,PHASE,,<class 'str'>,"ADNI1, ADNIGO, ADNI2, ADNI3, ADNI4",,6167,0,,keep,,,,
Participant Demographic Information,PTDEMOG,ID,RID,,<class 'numpy.int64'>,,"10898.0, 1.0",6167,0,,keep,,,,
Participant Demographic Information,PTDEMOG,Visit,VISDATE,,<class 'str'>,"2005-08-17, 2005-08-18, 2005-08-23, 2005-08-25, 2005-08-26",,6158,9,,keep,,,,
Participant Demographic Information,PTDEMOG,Sex,PTGENDER,,<class 'numpy.float64'>,"1.0, 2.0, -4.0, nan","2.0, -4.0",6039,128,,keep,cofattore,,,
Participant Demographic Information,PTDEMOG,Age,PTDOB,,<class 'str'>,"04/1931, 12/1944, 05/1924, 01/1938, 12/1931",,5980,187,,keep,,,,
Participant Demographic Information,PTDEMOG,Marry,PTMARRY,,<class 'numpy.float64'>,"1.0, 2.0, 3.0, 4.0, 5.0, -4.0, nan, 6.0","6.0, -4.0",6153,14,,keep,cofattore,,,
Participant Demographic Information,PTDEMOG,Education,PTEDUCAT,,<class 'numpy.float64'>,,"20.0, -4.0",6019,148,,keep,cofattore,,,
Participant Demographic Information,PTDEMOG,Other,PTADBEG,,<class 'numpy.float64'>,,"2010.0, -4.0",1512,4655,"ADNI2, ADNI3, ADNI4",drop,cofattore,,,
Participant Demographic Information,PTDEMOG,Ethnicity,PTETHCAT,,<class 'numpy.float64'>,"2.0, -4.0, 1.0, 3.0, nan","3.0, -4.0",6039,128,,keep,cofattore,,,
Participant Demographic Information,PTDEMOG,Ethnicity,PTRACCAT,,<class 'str'>,"5, -4, 6, 4, 2",,6038,129,,keep,cofattore,,,
Participant Demographics,PTDEMOG,Visit,VISCODE2,,<class 'str'>,"sc, f, m06, bl, m12",,6164,3,,keep,,,,
Participant Demographics,PTDEMOG,Age,PTDOBYY,,<class 'numpy.float64'>,,"1971.0, 1915.0",5980,187,,keep,,,,
Participant Demographics,PTDEMOG,Other,PTCOGBEG,,<class 'numpy.float64'>,,"9999.0, 1980.0",4397,1770,ADNI1,keep,,,,
Participant Demographics,PTDEMOG,Diagnosi,PTADDX,,<class 'numpy.float64'>,,"9999.0, 1980.0",3937,2230,"ADNI1, ADNIGO",drop,,,,
Mini Mental State Exam,MMSE,ID,PTID,,<class 'str'>,"011_S_0002, 022_S_0001, 011_S_0003, 022_S_0004, 011_S_0005",,14480,0,,keep,,,,
Mini Mental State Exam,MMSE,Cohort,PHASE,,<class 'str'>,"ADNI1, ADNIGO, ADNI2, ADNI3, ADNI4",,14480,0,,keep,,,,
Mini Mental State Exam,MMSE,ID,RID,,<class 'numpy.int64'>,,"10898.0, 1.0",14480,0,,keep,,,,
Mini Mental State Exam,MMSE,Visit,VISDATE,,<class 'str'>,"2005-08-17, 2005-08-18, 2005-08-23, 2005-08-26, 2005-08-25",,14463,17,,keep,,,,
Mini Mental State Exam,MMSE,MMSE,MMSCORE,,<class 'numpy.float64'>,,"30.0, -1.0",14338,142,,keep,predittore,scala,,
Mini Mental State Exam,MMSE,Visit,VISCODE2,,<class 'str'>,"sc, f, m06, m12, m18",,14462,18,,keep,,,,
Diagnostic Summary,DXSUM,ID,PTID,,<class 'str'>,"011_S_0002, 011_S_0003, 011_S_0005, 011_S_0008, 022_S_0007",,15504,0,,keep,,,,
Diagnostic Summary,DXSUM,Cohort,PHASE,,<class 'str'>,"ADNI1, ADNIGO, ADNI2, ADNI3, ADNI4",,15504,0,,keep,,,,
Diagnostic Summary,DXSUM,ID,RID,,<class 'numpy.int64'>,,"10898.0, 2.0",15504,0,,keep,,,,
Diagnostic Summary,DXSUM,Visit,EXAMDATE,,<class 'str'>,"2005-09-29, 2005-09-30, 2005-10-06, 2005-10-18, 2005-10-20",,15401,103,,keep,,,,
Diagnostic Summary,DXSUM,Other,DXNORM,,<class 'numpy.float64'>,"1.0, -4.0, nan","1.0, -4.0",3868,11636,"ADNIGO, ADNI2, ADNI3, ADNI4",drop,,,,
Diagnostic Summary,DXSUM,Other,DXNODEP,,<class 'numpy.float64'>,"-4.0, 1.0, nan","1.0, -4.0",3868,11636,"ADNIGO, ADNI2, ADNI3, ADNI4",drop,,,,
Diagnostic Summary,DXSUM,Other,DXMCI,,<class 'numpy.float64'>,"-4.0, 1.0, nan","1.0, -4.0",3868,11636,"ADNIGO, ADNI2, ADNI3, ADNI4",drop,,,,
Diagnostic Summary,DXSUM,Other,DXMDES,,<class 'str'>,"-4, 1, 1|02, 2, 1|2, nan",,11874,3630,,keep,,,,
Diagnostic Summary,DXSUM,Other,DXMPTR1,,<class 'numpy.float64'>,"-4.0, 1.0, 0.0, nan","1.0, -4.0",8622,6882,,drop,,,,
Diagnostic Summary,DXSUM,Other,DXMPTR2,,<class 'numpy.float64'>,"-4.0, 1.0, 0.0, nan","1.0, -4.0",8609,6895,,drop,,,,
Diagnostic Summary,DXSUM,Other,DXMPTR3,,<class 'numpy.float64'>,"-4.0, 1.0, 2.0, 0.0, nan","2.0, -4.0",8614,6890,,drop,,,,
Diagnostic Summary,DXSUM,Other,DXMPTR4,,<class 'numpy.float64'>,"-4.0, 1.0, 2.0, 0.0, nan","2.0, -4.0",8620,6884,,drop,,,,
Diagnostic Summary,DXSUM,Other,DXMPTR5,,<class 'numpy.float64'>,"-4.0, 1.0, 0.0, nan","1.0, -4.0",8612,6892,,drop,,,,
Diagnostic Summary,DXSUM,Other,DXMPTR6,,<class 'numpy.float64'>,"-4.0, 1.0, 0.0, nan","1.0, -4.0",8617,6887,,drop,,,,
Diagnostic Summary,DXSUM,Diagnosi,DXMDUE,,<class 'numpy.float64'>,"-4.0, 1.0, 2.0, nan","2.0, -4.0",8657,6847,,drop,,,,
Diagnostic Summary,DXSUM,Other,DXMOTHET,,<class 'str'>,"-4, 9, 14, 1, 9|14",,10229,5275,,keep,,,,
Diagnostic Summary,DXSUM,Diagnosi,DXAD,,<class 'numpy.float64'>,"-4.0, 1.0, nan","1.0, -4.0",3868,11636,"ADNIGO, ADNI2, ADNI3, ADNI4",drop,,,,
Diagnostic Summary,DXSUM,Other,DXAPP,,<class 'numpy.float64'>,"-4.0, 1.0, 2.0, nan","2.0, -4.0",5572,9932,,drop,,,,
Diagnostic Summary,DXSUM,Other,DXAPROB,,<class 'str'>,"-4, 1, 3, 2, 5",,3868,11636,"ADNIGO, ADNI2, ADNI3, ADNI4",drop,,,,
Diagnostic Summary,DXSUM,Other,DXAPOSS,,<class 'str'>,"-4, 3, 1|03|05, 7, 3|06",,10047,5457,,drop,,,,
Diagnostic Summary,DXSUM,Other,DXPARK,,<class 'numpy.float64'>,"-4.0, 1.0, 0.0, nan","1.0, -4.0",15355,149,,keep,,,,
Diagnostic Summary,DXSUM,Other,DXPDES,,<class 'numpy.float64'>,"-4.0, 3.0, 4.0, nan","4.0, -4.0",3868,11636,"ADNIGO, ADNI2, ADNI3, ADNI4",drop,,,,
Diagnostic Summary,DXSUM,Other,DXPATYP,,<class 'numpy.float64'>,"-4.0, 7.0, 5.0, nan","7.0, -4.0",3868,11636,"ADNIGO, ADNI2, ADNI3, ADNI4",drop,,,,
Diagnostic Summary,DXSUM,Other,DXOTHDEM,,<class 'numpy.float64'>,"-4.0, 1.0, nan","1.0, -4.0",3868,11636,"ADNIGO, ADNI2, ADNI3, ADNI4",drop,,,,
Diagnostic Summary,DXSUM,Other,DXODES,,<class 'numpy.float64'>,"-4.0, 14.0, 1.0, nan, 4.0, 12.0, 6.0, 9.0","14.0, -4.0",3915,11589,,drop,,,,
Diagnostic Summary,DXSUM,Diagnosi,DXCONFID,,<class 'numpy.float64'>,"4.0, 3.0, 1.0, 2.0, nan","4.0, 1.0",3868,11636,"ADNIGO, ADNI2, ADNI3, ADNI4",drop,,,,
Diagnostic Summary,DXSUM,Visit,VISCODE2,,<class 'str'>,"bl, m06, m12, uns1, m36",,15493,11,,keep,,,,
Diagnostic Summary,DXSUM,Other,DXDSEV,,<class 'numpy.float64'>,"-4.0, 2.0, 1.0, 3.0, nan","3.0, -4.0",5668,9836,,drop,,,,
Diagnostic Summary,DXSUM,Diagnosi,DIAGNOSIS,,<class 'numpy.float64'>,"1.0, 3.0, 2.0, nan","3.0, 1.0",15462,42,,keep,,,,
UCSF - ADNI-1 3T Cross-Sectional FreeSurfer (5.1) [ADNI1],UCSFFSX51_ADNI1_3T,ID,RID,,<class 'numpy.int64'>,,"1387.0, 15.0",484,0,pop not found,keep,,,,
UCSF - ADNI-1 3T Cross-Sectional FreeSurfer (5.1) [ADNI1],UCSFFSX51_ADNI1_3T,Visit,VISCODE,,<class 'str'>,"m36, m06, m24, m12, bl, m18",,484,0,pop not found,keep,,,,
UCSF - ADNI-1 3T Cross-Sectional FreeSurfer (5.1) [ADNI1],UCSFFSX51_ADNI1_3T,Visit,EXAMDATE,,<class 'str'>,"2009-04-27, 2006-05-02, 2007-10-11, 2006-10-16, 2005-10-31",,484,0,pop not found,keep,,,,
UCSF - ADNI-1 3T Cross-Sectional FreeSurfer (5.1) [ADNI1],UCSFFSX51_ADNI1_3T,Other,STATUS,,<class 'str'>,partial,,484,0,pop not found,keep,,,,
UCSF - ADNI-1 3T Cross-Sectional FreeSurfer (5.1) [ADNI1],UCSFFSX51_ADNI1_3T,Volume,ST37SV,mm3,<class 'numpy.int64'>,,"83251.0, 3549.0",484,0,pop not found,keep,predittore,volume,,
UCSF - ADNI-1 3T Cross-Sectional FreeSurfer (5.1) [ADNI1],UCSFFSX51_ADNI1_3T,Volume,ST10CV,mm3,<class 'numpy.int64'>,,"2062120.0, 1192530.0",484,0,pop not found,keep,predittore,volume,,
UCSF - ADNI-1 3T Cross-Sectional FreeSurfer (5.1) [ADNI1],UCSFFSX51_ADNI1_3T,Volume,ST24CV,mm3,<class 'numpy.int64'>,,"3077.0, 304.0",484,0,pop not found,keep,predittore,volume,,
UCSF - ADNI-1 3T Cross-Sectional FreeSurfer (5.1) [ADNI1],UCSFFSX51_ADNI1_3T,Volume,ST26CV,mm3,<class 'numpy.int64'>,,"13598.0, 4667.0",484,0,pop not found,keep,predittore,volume,,
UCSF - ADNI-1 3T Cross-Sectional FreeSurfer (5.1) [ADNI1],UCSFFSX51_ADNI1_3T,Volume,ST29SV,mm3,<class 'numpy.int64'>,,"4641.0, 1517.0",484,0,pop not found,keep,predittore,volume,,
UCSF - ADNI-1 3T Cross-Sectional FreeSurfer (5.1) [ADNI1],UCSFFSX51_ADNI1_3T,Volume,ST40CV,mm3,<class 'numpy.int64'>,,"13107.0, 4857.0",484,0,pop not found,keep,predittore,volume,,
UCSF - ADNI-1 3T Cross-Sectional FreeSurfer (5.1) [ADNI1],UCSFFSX51_ADNI1_3T,Volume,ST96SV,mm3,<class 'numpy.int64'>,,"61548.0, 3695.0",484,0,pop not found,keep,predittore,volume,,
UCSF - ADNI-1 3T Cross-Sectional FreeSurfer (5.1) [ADNI1],UCSFFSX51_ADNI1_3T,Volume,ST83CV,mm3,<class 'numpy.int64'>,,"2887.0, 457.0",484,0,pop not found,keep,predittore,volume,,
UCSF - ADNI-1 3T Cross-Sectional FreeSurfer (5.1) [ADNI1],UCSFFSX51_ADNI1_3T,Volume,ST85CV,mm3,<class 'numpy.int64'>,,"12136.0, 5297.0",484,0,pop not found,keep,predittore,volume,,
UCSF - ADNI-1 3T Cross-Sectional FreeSurfer (5.1) [ADNI1],UCSFFSX51_ADNI1_3T,Volume,ST88SV,mm3,<class 'numpy.int64'>,,"4603.0, 1690.0",484,0,pop not found,keep,predittore,volume,,
UCSF - ADNI-1 3T Cross-Sectional FreeSurfer (5.1) [ADNI1],UCSFFSX51_ADNI1_3T,Volume,ST99CV,mm3,<class 'numpy.int64'>,,"14974.0, 5596.0",484,0,pop not found,keep,predittore,volume,,
"UCSF - Cross-Sectional FreeSurfer (5.1) [ADNI1,GO,2]",UCSFFSX51,ID,RID,,<class 'numpy.int64'>,,"5296.0, 21.0",4896,0,"ADNI3, ADNI4",keep,,,,
"UCSF - Cross-Sectional FreeSurfer (5.1) [ADNI1,GO,2]",UCSFFSX51,Cohort,COLPROT,,<class 'str'>,"ADNI2, ADNIGO, ADNI1, nv",,4896,0,"ADNI3, ADNI4",keep,,,,
"UCSF - Cross-Sectional FreeSurfer (5.1) [ADNI1,GO,2]",UCSFFSX51,Visit,VISCODE,,<class 'str'>,"v11, nv, v06, v21, v41, v31, v51, v02, v04, v05",,4896,0,"ADNI3, ADNI4",keep,,,,
"UCSF - Cross-Sectional FreeSurfer (5.1) [ADNI1,GO,2]",UCSFFSX51,Visit,VISCODE2,,<class 'str'>,"m84, m60, m72, m96, m120",,4896,0,"ADNI3, ADNI4",keep,,,,
"UCSF - Cross-Sectional FreeSurfer (5.1) [ADNI1,GO,2]",UCSFFSX51,Visit,EXAMDATE,,<class 'str'>,"2012-10-04, 2010-10-08, 2011-10-13, 2013-10-17, 2015-11-03",,4896,0,"ADNI3, ADNI4",keep,,,,
"UCSF - Cross-Sectional FreeSurfer (5.1) [ADNI1,GO,2]",UCSFFSX51,Volume,ST37SV,mm3,<class 'numpy.int64'>,,"75680.0, 2726.0",4896,0,"ADNI3, ADNI4",keep,predittore,volume,,
"UCSF - Cross-Sectional FreeSurfer (5.1) [ADNI1,GO,2]",UCSFFSX51,Volume,ST10CV,3,<class 'numpy.float64'>,,"2108790.0, 708913.0",4895,1,"ADNI3, ADNI4",keep,predittore,volume,,
"UCSF - Cross-Sectional FreeSurfer (5.1) [ADNI1,GO,2]",UCSFFSX51,Volume,ST24CV,mm3,<class 'numpy.float64'>,,"4239.0, 34.0",4895,1,"ADNI3, ADNI4",keep,predittore,volume,,
"UCSF - Cross-Sectional FreeSurfer (5.1) [ADNI1,GO,2]",UCSFFSX51,Volume,ST26CV,mm3,<class 'numpy.int64'>,,"15382.0, 2154.0",4896,0,"ADNI3, ADNI4",keep,predittore,volume,,
"UCSF - Cross-Sectional FreeSurfer (5.1) [ADNI1,GO,2]",UCSFFSX51,Volume,ST29SV,mm3,<class 'numpy.int64'>,,"5991.0, 783.0",4896,0,"ADNI3, ADNI4",keep,predittore,volume,,
"UCSF - Cross-Sectional FreeSurfer (5.1) [ADNI1,GO,2]",UCSFFSX51,Volume,ST40CV,mm3,<class 'numpy.int64'>,,"15187.0, 3747.0",4896,0,"ADNI3, ADNI4",keep,predittore,volume,,
"UCSF - Cross-Sectional FreeSurfer (5.1) [ADNI1,GO,2]",UCSFFSX51,Volume,ST96SV,mm3,<class 'numpy.int64'>,,"66551.0, 2003.0",4896,0,"ADNI3, ADNI4",keep,predittore,volume,,
"UCSF - Cross-Sectional FreeSurfer (5.1) [ADNI1,GO,2]",UCSFFSX51,Volume,ST83CV,mm3,<class 'numpy.int64'>,,"3602.0, 275.0",4896,0,"ADNI3, ADNI4",keep,predittore,volume,,
"UCSF - Cross-Sectional FreeSurfer (5.1) [ADNI1,GO,2]",UCSFFSX51,Volume,ST85CV,mm3,<class 'numpy.int64'>,,"17226.0, 3953.0",4896,0,"ADNI3, ADNI4",keep,predittore,volume,,
"UCSF - Cross-Sectional FreeSurfer (5.1) [ADNI1,GO,2]",UCSFFSX51,Volume,ST88SV,mm3,<class 'numpy.int64'>,,"5806.0, 1262.0",4896,0,"ADNI3, ADNI4",keep,predittore,volume,,
"UCSF - Cross-Sectional FreeSurfer (5.1) [ADNI1,GO,2]",UCSFFSX51,Volume,ST99CV,mm3,<class 'numpy.int64'>,,"17046.0, 4231.0",4896,0,"ADNI3, ADNI4",keep,predittore,volume,,
UCSF - Cross-Sectional FreeSurfer (6.0) [ADNI3],UCSFFSX6,ID,RID,,<class 'numpy.int64'>,,"7123.0, 21.0",2256,0,"ADNI1, ADNIGO, ADNI2, ADNI4",keep,,,,
UCSF - Cross-Sectional FreeSurfer (6.0) [ADNI3],UCSFFSX6,Cohort,PHASE,,<class 'str'>,ADNI3,,2256,0,"ADNI1, ADNIGO, ADNI2, ADNI4",keep,,,,
UCSF - Cross-Sectional FreeSurfer (6.0) [ADNI3],UCSFFSX6,Visit,VISCODE,,<class 'str'>,"init, y1, y2, sc, y4, y3, y5",,2256,0,"ADNI1, ADNIGO, ADNI2, ADNI4",keep,,,,
UCSF - Cross-Sectional FreeSurfer (6.0) [ADNI3],UCSFFSX6,Visit,VISCODE2,,<class 'str'>,"m84, m60, m48, m12, m24",,2254,2,"ADNI1, ADNIGO, ADNI2, ADNI4",keep,,,,
UCSF - Cross-Sectional FreeSurfer (6.0) [ADNI3],UCSFFSX6,Visit,EXAMDATE,,<class 'str'>,"2018-11-12, 2017-05-03, 2017-08-07, 2018-04-18, 2019-11-11",,2256,0,"ADNI1, ADNIGO, ADNI2, ADNI4",keep,,,,
UCSF - Cross-Sectional FreeSurfer (6.0) [ADNI3],UCSFFSX6,Other,STATUS,,<class 'str'>,"complete, partial",,2256,0,"ADNI1, ADNIGO, ADNI2, ADNI4",keep,,,,
UCSF - Cross-Sectional FreeSurfer (6.0) [ADNI3],UCSFFSX6,Volume,ST37SV,mm3,<class 'numpy.float64'>,,"75124.4, 3756.3",2154,102,"ADNI1, ADNIGO, ADNI2, ADNI4",keep,predittore,volume,,
UCSF - Cross-Sectional FreeSurfer (6.0) [ADNI3],UCSFFSX6,Volume,ST10CV,mm3,<class 'numpy.float64'>,,"3500154.120931, 655448.760866",2240,16,"ADNI1, ADNIGO, ADNI2, ADNI4",keep,predittore,volume,,
UCSF - Cross-Sectional FreeSurfer (6.0) [ADNI3],UCSFFSX6,Volume,ST24CV,mm3,<class 'numpy.float64'>,,"4052.0, 351.0",1965,291,"ADNI1, ADNIGO, ADNI2, ADNI4",keep,predittore,volume,,
UCSF - Cross-Sectional FreeSurfer (6.0) [ADNI3],UCSFFSX6,Volume,ST26CV,mm3,<class 'numpy.float64'>,,"14409.0, 4101.0",1826,430,"ADNI1, ADNIGO, ADNI2, ADNI4",keep,predittore,volume,,
UCSF - Cross-Sectional FreeSurfer (6.0) [ADNI3],UCSFFSX6,Volume,ST29SV,mm3,<class 'numpy.float64'>,,"5293.0, 970.7",1972,284,"ADNI1, ADNIGO, ADNI2, ADNI4",keep,predittore,volume,,
UCSF - Cross-Sectional FreeSurfer (6.0) [ADNI3],UCSFFSX6,Volume,ST40CV,mm3,<class 'numpy.float64'>,,"14853.0, 3228.0",2058,198,"ADNI1, ADNIGO, ADNI2, ADNI4",keep,predittore,volume,,
UCSF - Cross-Sectional FreeSurfer (6.0) [ADNI3],UCSFFSX6,Volume,ST96SV,mm3,<class 'numpy.float64'>,,"75143.8, 3423.0",2154,102,"ADNI1, ADNIGO, ADNI2, ADNI4",keep,predittore,volume,,
UCSF - Cross-Sectional FreeSurfer (6.0) [ADNI3],UCSFFSX6,Volume,ST83CV,mm3,<class 'numpy.float64'>,,"4119.0, 403.0",1965,291,"ADNI1, ADNIGO, ADNI2, ADNI4",keep,predittore,volume,,
UCSF - Cross-Sectional FreeSurfer (6.0) [ADNI3],UCSFFSX6,Volume,ST85CV,mm3,<class 'numpy.float64'>,,"13646.0, 3594.0",1826,430,"ADNI1, ADNIGO, ADNI2, ADNI4",keep,predittore,volume,,
UCSF - Cross-Sectional FreeSurfer (6.0) [ADNI3],UCSFFSX6,Volume,ST88SV,mm3,<class 'numpy.float64'>,,"5461.8, 1618.0",1972,284,"ADNI1, ADNIGO, ADNI2, ADNI4",keep,predittore,volume,,
UCSF - Cross-Sectional FreeSurfer (6.0) [ADNI3],UCSFFSX6,Volume,ST99CV,mm3,<class 'numpy.float64'>,,"17471.0, 3999.0",2058,198,"ADNI1, ADNIGO, ADNI2, ADNI4",keep,predittore,volume,,
"UCSF - Cross-Sectional FreeSurfer (7.x) [ADNI1,GO,2,3,4]",UCSFFSX7,ID,RID,,<class 'numpy.int64'>,,"10849.0, 2.0",11944,0,,keep,,,,
"UCSF - Cross-Sectional FreeSurfer (7.x) [ADNI1,GO,2,3,4]",UCSFFSX7,Cohort,PHASE,,<class 'str'>,"ADNI3, ADNI2, ADNI4, ADNIGO, ADNI1",,11944,0,,keep,,,,
"UCSF - Cross-Sectional FreeSurfer (7.x) [ADNI1,GO,2,3,4]",UCSFFSX7,Visit,VISCODE,,<class 'str'>,"init, v02, v11, v21, v04",,11944,0,,keep,,,,
"UCSF - Cross-Sectional FreeSurfer (7.x) [ADNI1,GO,2,3,4]",UCSFFSX7,Visit,VISCODE2,,<class 'str'>,"m72, scmri, m12, m36, m03",,11941,3,,keep,,,,
"UCSF - Cross-Sectional FreeSurfer (7.x) [ADNI1,GO,2,3,4]",UCSFFSX7,Visit,EXAMDATE,,<class 'str'>,"2017-08-14, 2012-01-18, 2012-07-11, 2014-03-03, 2012-02-27",,11944,0,,keep,,,,
"UCSF - Cross-Sectional FreeSurfer (7.x) [ADNI1,GO,2,3,4]",UCSFFSX7,Other,STATUS,,<class 'str'>,"partial, complete",,11944,0,,keep,,,,
"UCSF - Cross-Sectional FreeSurfer (7.x) [ADNI1,GO,2,3,4]",UCSFFSX7,Volume,ST37SV,mm3,<class 'numpy.float64'>,,"94302.7, 3381.6",11924,20,,keep,predittore,volume,,
"UCSF - Cross-Sectional FreeSurfer (7.x) [ADNI1,GO,2,3,4]",UCSFFSX7,Volume,ST10CV,mm3,<class 'numpy.float64'>,,"5158451.282703, 427249.652055",11940,4,,keep,predittore,volume,,
"UCSF - Cross-Sectional FreeSurfer (7.x) [ADNI1,GO,2,3,4]",UCSFFSX7,Volume,ST24CV,mm3,<class 'numpy.float64'>,,"4404.0, 2.0",11814,130,,keep,predittore,volume,,
"UCSF - Cross-Sectional FreeSurfer (7.x) [ADNI1,GO,2,3,4]",UCSFFSX7,Volume,ST26CV,mm3,<class 'numpy.float64'>,,"14289.0, 2532.0",11662,282,,keep,predittore,volume,,
"UCSF - Cross-Sectional FreeSurfer (7.x) [ADNI1,GO,2,3,4]",UCSFFSX7,Volume,ST29SV,mm3,<class 'numpy.float64'>,,"5684.6, 1188.7",11825,119,,keep,predittore,volume,,
"UCSF - Cross-Sectional FreeSurfer (7.x) [ADNI1,GO,2,3,4]",UCSFFSX7,Volume,ST40CV,mm3,<class 'numpy.float64'>,,"15598.0, 3093.0",11738,206,,keep,predittore,volume,,
"UCSF - Cross-Sectional FreeSurfer (7.x) [ADNI1,GO,2,3,4]",UCSFFSX7,Volume,ST96SV,mm3,<class 'numpy.float64'>,,"77644.3, 1834.5",11924,20,,keep,predittore,volume,,
"UCSF - Cross-Sectional FreeSurfer (7.x) [ADNI1,GO,2,3,4]",UCSFFSX7,Volume,ST83CV,mm3,<class 'numpy.float64'>,,"4322.0, 308.0",11819,125,,keep,predittore,volume,,
"UCSF - Cross-Sectional FreeSurfer (7.x) [ADNI1,GO,2,3,4]",UCSFFSX7,Volume,ST85CV,mm3,<class 'numpy.float64'>,,"13378.0, 3498.0",11662,282,,keep,predittore,volume,,
"UCSF - Cross-Sectional FreeSurfer (7.x) [ADNI1,GO,2,3,4]",UCSFFSX7,Volume,ST88SV,mm3,<class 'numpy.float64'>,,"5567.9, 1047.6",11825,119,,keep,predittore,volume,,
"UCSF - Cross-Sectional FreeSurfer (7.x) [ADNI1,GO,2,3,4]",UCSFFSX7,Volume,ST99CV,mm3,<class 'numpy.float64'>,,"17074.0, 3468.0",11738,206,,keep,predittore,volume,,
"UCSF - Cross-Sectional FreeSurfer (FreeSurfer Version 4.3) [ADNI1,GO,2]",UCSFFSX,ID,RID,,<class 'numpy.int64'>,,"1435.0, 2.0",4486,0,pop not found,keep,,,,
"UCSF - Cross-Sectional FreeSurfer (FreeSurfer Version 4.3) [ADNI1,GO,2]",UCSFFSX,Visit,VISCODE,,<class 'str'>,"sc, m06, m12, m24, m18",,4204,282,pop not found,keep,,,,
"UCSF - Cross-Sectional FreeSurfer (FreeSurfer Version 4.3) [ADNI1,GO,2]",UCSFFSX,Visit,EXAMDATE,,<class 'str'>,"2005-08-26, 2005-09-01, 2006-03-13, 2006-09-12, 2007-09-12",,4486,0,pop not found,keep,,,,
"UCSF - Cross-Sectional FreeSurfer (FreeSurfer Version 4.3) [ADNI1,GO,2]",UCSFFSX,Other,STATUS,,<class 'str'>,"complete, partial",,4486,0,pop not found,keep,,,,
"UCSF - Cross-Sectional FreeSurfer (FreeSurfer Version 4.3) [ADNI1,GO,2]",UCSFFSX,Volume,ST37SV,mm3,<class 'numpy.int64'>,,"87716.0, 3111.0",4486,0,pop not found,keep,predittore,volume,,
"UCSF - Cross-Sectional FreeSurfer (FreeSurfer Version 4.3) [ADNI1,GO,2]",UCSFFSX,Volume,ST10CV,mm3,<class 'numpy.int64'>,,"2110290.0, 843290.0",4486,0,pop not found,keep,predittore,volume,,
"UCSF - Cross-Sectional FreeSurfer (FreeSurfer Version 4.3) [ADNI1,GO,2]",UCSFFSX,Volume,ST24CV,mm3,<class 'numpy.int64'>,,"3705.0, 266.0",4486,0,pop not found,keep,predittore,volume,,
"UCSF - Cross-Sectional FreeSurfer (FreeSurfer Version 4.3) [ADNI1,GO,2]",UCSFFSX,Volume,ST26CV,mm3,<class 'numpy.int64'>,,"12710.0, 2600.0",4486,0,pop not found,keep,predittore,volume,,
"UCSF - Cross-Sectional FreeSurfer (FreeSurfer Version 4.3) [ADNI1,GO,2]",UCSFFSX,Volume,ST29SV,mm3,<class 'numpy.int64'>,,"5468.0, 1217.0",4486,0,pop not found,keep,predittore,volume,,
"UCSF - Cross-Sectional FreeSurfer (FreeSurfer Version 4.3) [ADNI1,GO,2]",UCSFFSX,Volume,ST40CV,mm3,<class 'numpy.int64'>,,"15462.0, 1958.0",4486,0,pop not found,keep,predittore,volume,,
"UCSF - Cross-Sectional FreeSurfer (FreeSurfer Version 4.3) [ADNI1,GO,2]",UCSFFSX,Volume,ST96SV,mm3,<class 'numpy.int64'>,,"72924.0, 2320.0",4486,0,pop not found,keep,predittore,volume,,
"UCSF - Cross-Sectional FreeSurfer (FreeSurfer Version 4.3) [ADNI1,GO,2]",UCSFFSX,Volume,ST83CV,mm3,<class 'numpy.int64'>,,"3955.0, 402.0",4486,0,pop not found,keep,predittore,volume,,
"UCSF - Cross-Sectional FreeSurfer (FreeSurfer Version 4.3) [ADNI1,GO,2]",UCSFFSX,Volume,ST85CV,mm3,<class 'numpy.int64'>,,"13203.0, 2856.0",4486,0,pop not found,keep,predittore,volume,,
"UCSF - Cross-Sectional FreeSurfer (FreeSurfer Version 4.3) [ADNI1,GO,2]",UCSFFSX,Volume,ST88SV,mm3,<class 'numpy.int64'>,,"5818.0, 734.0",4486,0,pop not found,keep,predittore,volume,,
"UCSF - Cross-Sectional FreeSurfer (FreeSurfer Version 4.3) [ADNI1,GO,2]",UCSFFSX,Volume,ST99CV,mm3,<class 'numpy.int64'>,,"15683.0, 2378.0",4486,0,pop not found,keep,predittore,volume,,
"UCSF - Longitudinal FreeSurfer (5.1) - All Available Base Image [ADNIGO,2]",UCSFFSL51ALL,ID,RID,,<class 'numpy.int64'>,,"5292.0, 21.0",2009,0,"ADNI1, ADNI3, ADNI4",keep,,,,
"UCSF - Longitudinal FreeSurfer (5.1) - All Available Base Image [ADNIGO,2]",UCSFFSL51ALL,Visit,VISCODE2,,<class 'str'>,"m60, m72, m84, m96, m120",,2009,0,"ADNI1, ADNI3, ADNI4",keep,,,,
"UCSF - Longitudinal FreeSurfer (5.1) - All Available Base Image [ADNIGO,2]",UCSFFSL51ALL,Visit,VISCODE,,<class 'str'>,"m60, v06, v11, v21, v41",,2009,0,"ADNI1, ADNI3, ADNI4",keep,,,,
"UCSF - Longitudinal FreeSurfer (5.1) - All Available Base Image [ADNIGO,2]",UCSFFSL51ALL,Visit,EXAMDATE,,<class 'str'>,"2010-10-08, 2011-10-13, 2012-10-04, 2013-10-17, 2015-11-03",,2009,0,"ADNI1, ADNI3, ADNI4",keep,,,,
"UCSF - Longitudinal FreeSurfer (5.1) - All Available Base Image [ADNIGO,2]",UCSFFSL51ALL,Cohort,COLPROT,,<class 'str'>,"ADNIGO, ADNI2, nv",,2009,0,"ADNI1, ADNI3, ADNI4",keep,,,,
"UCSF - Longitudinal FreeSurfer (5.1) - All Available Base Image [ADNIGO,2]",UCSFFSL51ALL,Other,STATUS,,<class 'str'>,partial,,2009,0,"ADNI1, ADNI3, ADNI4",keep,,,,
"UCSF - Longitudinal FreeSurfer (5.1) - All Available Base Image [ADNIGO,2]",UCSFFSL51ALL,Volume,ST37SV,mm3,<class 'numpy.int64'>,,"64046.0, 3308.0",2009,0,"ADNI1, ADNI3, ADNI4",keep,predittore,volume,,
"UCSF - Longitudinal FreeSurfer (5.1) - All Available Base Image [ADNIGO,2]",UCSFFSL51ALL,Volume,ST10CV,mm3,<class 'numpy.int64'>,,"2070550.0, 1133100.0",2009,0,"ADNI1, ADNI3, ADNI4",keep,predittore,volume,,
"UCSF - Longitudinal FreeSurfer (5.1) - All Available Base Image [ADNIGO,2]",UCSFFSL51ALL,Volume,ST24CV,mm3,<class 'numpy.int64'>,,"3344.0, 622.0",2009,0,"ADNI1, ADNI3, ADNI4",keep,predittore,volume,,
"UCSF - Longitudinal FreeSurfer (5.1) - All Available Base Image [ADNIGO,2]",UCSFFSL51ALL,Volume,ST26CV,mm3,<class 'numpy.int64'>,,"14514.0, 4171.0",2009,0,"ADNI1, ADNI3, ADNI4",keep,predittore,volume,,
"UCSF - Longitudinal FreeSurfer (5.1) - All Available Base Image [ADNIGO,2]",UCSFFSL51ALL,Volume,ST29SV,mm3,<class 'numpy.int64'>,,"5894.0, 1091.0",2009,0,"ADNI1, ADNI3, ADNI4",keep,predittore,volume,,
"UCSF - Longitudinal FreeSurfer (5.1) - All Available Base Image [ADNIGO,2]",UCSFFSL51ALL,Volume,ST40CV,mm3,<class 'numpy.int64'>,,"14065.0, 3845.0",2009,0,"ADNI1, ADNI3, ADNI4",keep,predittore,volume,,
"UCSF - Longitudinal FreeSurfer (5.1) - All Available Base Image [ADNIGO,2]",UCSFFSL51ALL,Volume,ST96SV,mm3,<class 'numpy.int64'>,,"63833.0, 3405.0",2009,0,"ADNI1, ADNI3, ADNI4",keep,predittore,volume,,
"UCSF - Longitudinal FreeSurfer (5.1) - All Available Base Image [ADNIGO,2]",UCSFFSL51ALL,Volume,ST83CV,mm3,<class 'numpy.int64'>,,"3271.0, 309.0",2009,0,"ADNI1, ADNI3, ADNI4",keep,predittore,volume,,
"UCSF - Longitudinal FreeSurfer (5.1) - All Available Base Image [ADNIGO,2]",UCSFFSL51ALL,Volume,ST85CV,mm3,<class 'numpy.int64'>,,"14113.0, 3475.0",2009,0,"ADNI1, ADNI3, ADNI4",keep,predittore,volume,,
"UCSF - Longitudinal FreeSurfer (5.1) - All Available Base Image [ADNIGO,2]",UCSFFSL51ALL,Volume,ST88SV,mm3,<class 'numpy.int64'>,,"5278.0, 1259.0",2009,0,"ADNI1, ADNI3, ADNI4",keep,predittore,volume,,
"UCSF - Longitudinal FreeSurfer (5.1) - All Available Base Image [ADNIGO,2]",UCSFFSL51ALL,Volume,ST99CV,mm3,<class 'numpy.int64'>,,"15370.0, 4973.0",2009,0,"ADNI1, ADNI3, ADNI4",keep,predittore,volume,,
"UCSF - Longitudinal FreeSurfer (FreeSurfer Version 5.1) - Year 1 Base Image [ADNIGO,2]",UCSFFSL51Y1,ID,RID,,<class 'numpy.int64'>,,"4795.0, 21.0",1356,0,"ADNI1, ADNI3, ADNI4",keep,,,,
"UCSF - Longitudinal FreeSurfer (FreeSurfer Version 5.1) - Year 1 Base Image [ADNIGO,2]",UCSFFSL51Y1,Visit,VISCODE2,,<class 'str'>,"m60, m72, m48, m06, m12, scmri, m03, nv",,1356,0,"ADNI1, ADNI3, ADNI4",keep,,,,
"UCSF - Longitudinal FreeSurfer (FreeSurfer Version 5.1) - Year 1 Base Image [ADNIGO,2]",UCSFFSL51Y1,Visit,VISCODE,,<class 'str'>,"m60, v06, m48, v11, m06",,1356,0,"ADNI1, ADNI3, ADNI4",keep,,,,
"UCSF - Longitudinal FreeSurfer (FreeSurfer Version 5.1) - Year 1 Base Image [ADNIGO,2]",UCSFFSL51Y1,Visit,EXAMDATE,,<class 'str'>,"2010-10-08, 2011-10-13, 2010-10-04, 2011-10-05, 2012-05-10",,1356,0,"ADNI1, ADNI3, ADNI4",keep,,,,
"UCSF - Longitudinal FreeSurfer (FreeSurfer Version 5.1) - Year 1 Base Image [ADNIGO,2]",UCSFFSL51Y1,Cohort,COLPROT,,<class 'str'>,"ADNIGO, ADNI2, nv",,1356,0,"ADNI1, ADNI3, ADNI4",keep,,,,
"UCSF - Longitudinal FreeSurfer (FreeSurfer Version 5.1) - Year 1 Base Image [ADNIGO,2]",UCSFFSL51Y1,Other,STATUS,,<class 'str'>,partial,,1356,0,"ADNI1, ADNI3, ADNI4",keep,,,,
"UCSF - Longitudinal FreeSurfer (FreeSurfer Version 5.1) - Year 1 Base Image [ADNIGO,2]",UCSFFSL51Y1,Volume,ST37SV,mm3,<class 'numpy.int64'>,,"64376.0, 2958.0",1356,0,"ADNI1, ADNI3, ADNI4",keep,predittore,volume,,
"UCSF - Longitudinal FreeSurfer (FreeSurfer Version 5.1) - Year 1 Base Image [ADNIGO,2]",UCSFFSL51Y1,Volume,ST10CV,mm3,<class 'numpy.int64'>,,"2073760.0, 1168740.0",1356,0,"ADNI1, ADNI3, ADNI4",keep,predittore,volume,,
"UCSF - Longitudinal FreeSurfer (FreeSurfer Version 5.1) - Year 1 Base Image [ADNIGO,2]",UCSFFSL51Y1,Volume,ST24CV,mm3,<class 'numpy.int64'>,,"3302.0, 578.0",1356,0,"ADNI1, ADNI3, ADNI4",keep,predittore,volume,,
"UCSF - Longitudinal FreeSurfer (FreeSurfer Version 5.1) - Year 1 Base Image [ADNIGO,2]",UCSFFSL51Y1,Volume,ST26CV,mm3,<class 'numpy.int64'>,,"13730.0, 4732.0",1356,0,"ADNI1, ADNI3, ADNI4",keep,predittore,volume,,
"UCSF - Longitudinal FreeSurfer (FreeSurfer Version 5.1) - Year 1 Base Image [ADNIGO,2]",UCSFFSL51Y1,Volume,ST29SV,mm3,<class 'numpy.int64'>,,"5051.0, 1259.0",1356,0,"ADNI1, ADNI3, ADNI4",keep,predittore,volume,,
"UCSF - Longitudinal FreeSurfer (FreeSurfer Version 5.1) - Year 1 Base Image [ADNIGO,2]",UCSFFSL51Y1,Volume,ST40CV,mm3,<class 'numpy.int64'>,,"14121.0, 4979.0",1356,0,"ADNI1, ADNI3, ADNI4",keep,predittore,volume,,
"UCSF - Longitudinal FreeSurfer (FreeSurfer Version 5.1) - Year 1 Base Image [ADNIGO,2]",UCSFFSL51Y1,Volume,ST96SV,mm3,<class 'numpy.int64'>,,"53151.0, 3131.0",1356,0,"ADNI1, ADNI3, ADNI4",keep,predittore,volume,,
"UCSF - Longitudinal FreeSurfer (FreeSurfer Version 5.1) - Year 1 Base Image [ADNIGO,2]",UCSFFSL51Y1,Volume,ST83CV,mm3,<class 'numpy.int64'>,,"3629.0, 517.0",1356,0,"ADNI1, ADNI3, ADNI4",keep,predittore,volume,,
"UCSF - Longitudinal FreeSurfer (FreeSurfer Version 5.1) - Year 1 Base Image [ADNIGO,2]",UCSFFSL51Y1,Volume,ST85CV,mm3,<class 'numpy.int64'>,,"14597.0, 4411.0",1356,0,"ADNI1, ADNI3, ADNI4",keep,predittore,volume,,
"UCSF - Longitudinal FreeSurfer (FreeSurfer Version 5.1) - Year 1 Base Image [ADNIGO,2]",UCSFFSL51Y1,Volume,ST88SV,mm3,<class 'numpy.int64'>,,"5403.0, 1575.0",1356,0,"ADNI1, ADNI3, ADNI4",keep,predittore,volume,,
"UCSF - Longitudinal FreeSurfer (FreeSurfer Version 5.1) - Year 1 Base Image [ADNIGO,2]",UCSFFSL51Y1,Volume,ST99CV,mm3,<class 'numpy.int64'>,,"15752.0, 5044.0",1356,0,"ADNI1, ADNI3, ADNI4",keep,predittore,volume,,
"UCSF - Longitudinal FreeSurfer (5.1) - Final Run w/ All A [ADNIGO,2]",UCSFFSL51,ID,RID,,<class 'numpy.int64'>,,"5289.0, 21.0",3311,0,"ADNI1, ADNI3, ADNI4",keep,,,,
"UCSF - Longitudinal FreeSurfer (5.1) - Final Run w/ All A [ADNIGO,2]",UCSFFSL51,Visit,VISCODE2,,<class 'str'>,"m84, m60, m72, m96, m120",,3311,0,"ADNI1, ADNI3, ADNI4",keep,,,,
"UCSF - Longitudinal FreeSurfer (5.1) - Final Run w/ All A [ADNIGO,2]",UCSFFSL51,Visit,VISCODE,,<class 'str'>,"v11, nv, v06, v21, v41",,3311,0,"ADNI1, ADNI3, ADNI4",keep,,,,
"UCSF - Longitudinal FreeSurfer (5.1) - Final Run w/ All A [ADNIGO,2]",UCSFFSL51,Visit,EXAMDATE,,<class 'str'>,"2012-10-04, 2010-10-08, 2011-10-13, 2013-10-17, 2015-11-03",,3311,0,"ADNI1, ADNI3, ADNI4",keep,,,,
"UCSF - Longitudinal FreeSurfer (5.1) - Final Run w/ All A [ADNIGO,2]",UCSFFSL51,Cohort,COLPROT,,<class 'str'>,"ADNI2, ADNIGO, nan",,3310,1,"ADNI1, ADNI3, ADNI4",keep,,,,
"UCSF - Longitudinal FreeSurfer (5.1) - Final Run w/ All A [ADNIGO,2]",UCSFFSL51,Other,STATUS,,<class 'str'>,partial,,3311,0,"ADNI1, ADNI3, ADNI4",keep,,,,
"UCSF - Longitudinal FreeSurfer (5.1) - Final Run w/ All A [ADNIGO,2]",UCSFFSL51,Volume,ST37SV,mm3,<class 'numpy.int64'>,,"70095.0, 2878.0",3311,0,"ADNI1, ADNI3, ADNI4",keep,predittore,volume,,
"UCSF - Longitudinal FreeSurfer (5.1) - Final Run w/ All A [ADNIGO,2]",UCSFFSL51,Volume,ST10CV,mm3,<class 'numpy.int64'>,,"2080860.0, 1142800.0",3311,0,"ADNI1, ADNI3, ADNI4",keep,predittore,volume,,
"UCSF - Longitudinal FreeSurfer (5.1) - Final Run w/ All A [ADNIGO,2]",UCSFFSL51,Volume,ST24CV,mm3,<class 'numpy.int64'>,,"3344.0, 607.0",3311,0,"ADNI1, ADNI3, ADNI4",keep,predittore,volume,,
"UCSF - Longitudinal FreeSurfer (5.1) - Final Run w/ All A [ADNIGO,2]",UCSFFSL51,Volume,ST26CV,mm3,<class 'numpy.int64'>,,"15079.0, 4171.0",3311,0,"ADNI1, ADNI3, ADNI4",keep,predittore,volume,,
"UCSF - Longitudinal FreeSurfer (5.1) - Final Run w/ All A [ADNIGO,2]",UCSFFSL51,Volume,ST29SV,mm3,<class 'numpy.int64'>,,"5069.0, 1091.0",3311,0,"ADNI1, ADNI3, ADNI4",keep,predittore,volume,,
"UCSF - Longitudinal FreeSurfer (5.1) - Final Run w/ All A [ADNIGO,2]",UCSFFSL51,Volume,ST40CV,mm3,<class 'numpy.int64'>,,"14136.0, 3845.0",3311,0,"ADNI1, ADNI3, ADNI4",keep,predittore,volume,,
"UCSF - Longitudinal FreeSurfer (5.1) - Final Run w/ All A [ADNIGO,2]",UCSFFSL51,Volume,ST96SV,mm3,<class 'numpy.int64'>,,"67939.0, 2372.0",3311,0,"ADNI1, ADNI3, ADNI4",keep,predittore,volume,,
"UCSF - Longitudinal FreeSurfer (5.1) - Final Run w/ All A [ADNIGO,2]",UCSFFSL51,Volume,ST83CV,mm3,<class 'numpy.int64'>,,"3725.0, 309.0",3311,0,"ADNI1, ADNI3, ADNI4",keep,predittore,volume,,
"UCSF - Longitudinal FreeSurfer (5.1) - Final Run w/ All A [ADNIGO,2]",UCSFFSL51,Volume,ST85CV,mm3,<class 'numpy.int64'>,,"14353.0, 3475.0",3311,0,"ADNI1, ADNI3, ADNI4",keep,predittore,volume,,
"UCSF - Longitudinal FreeSurfer (5.1) - Final Run w/ All A [ADNIGO,2]",UCSFFSL51,Volume,ST88SV,mm3,<class 'numpy.int64'>,,"5195.0, 1259.0",3311,0,"ADNI1, ADNI3, ADNI4",keep,predittore,volume,,
"UCSF - Longitudinal FreeSurfer (5.1) - Final Run w/ All A [ADNIGO,2]",UCSFFSL51,Volume,ST99CV,mm3,<class 'numpy.int64'>,,"17127.0, 4836.0",3311,0,"ADNI1, ADNI3, ADNI4",keep,predittore,volume,,
"UCSF - Longitudinal FreeSurfer (FreeSurfer Version 4.4) [ADNI1,GO,2]",UCSFFSL,ID,RID,,<class 'numpy.int64'>,,"1430.0, 3.0",3570,0,pop not found,keep,,,,
"UCSF - Longitudinal FreeSurfer (FreeSurfer Version 4.4) [ADNI1,GO,2]",UCSFFSL,Visit,VISCODE2,,<class 'str'>,"m06, m12, m24, sc, m18, m36, m48, f, bl, m60",,3570,0,pop not found,keep,,,,
"UCSF - Longitudinal FreeSurfer (FreeSurfer Version 4.4) [ADNI1,GO,2]",UCSFFSL,Visit,VISCODE,,<class 'str'>,"m06, m12, m24, sc, m18, m36, m48, f, bl, m60",,3570,0,pop not found,keep,,,,
"UCSF - Longitudinal FreeSurfer (FreeSurfer Version 4.4) [ADNI1,GO,2]",UCSFFSL,Visit,EXAMDATE,,<class 'str'>,"2006-03-13, 2006-09-12, 2007-09-12, 2005-09-01, 2006-05-25",,3570,0,pop not found,keep,,,,
"UCSF - Longitudinal FreeSurfer (FreeSurfer Version 4.4) [ADNI1,GO,2]",UCSFFSL,Other,STATUS,,<class 'str'>,"complete, partial",,3570,0,pop not found,keep,,,,
"UCSF - Longitudinal FreeSurfer (FreeSurfer Version 4.4) [ADNI1,GO,2]",UCSFFSL,Volume,ST37SV,mm3,<class 'numpy.int64'>,,"88479.0, 3052.0",3570,0,pop not found,keep,predittore,volume,,
"UCSF - Longitudinal FreeSurfer (FreeSurfer Version 4.4) [ADNI1,GO,2]",UCSFFSL,Volume,ST10CV,mm3,<class 'numpy.int64'>,,"2110290.0, 1153430.0",3570,0,pop not found,keep,predittore,volume,,
"UCSF - Longitudinal FreeSurfer (FreeSurfer Version 4.4) [ADNI1,GO,2]",UCSFFSL,Volume,ST24CV,mm3,<class 'numpy.int64'>,,"3753.0, 488.0",3570,0,pop not found,keep,predittore,volume,,
"UCSF - Longitudinal FreeSurfer (FreeSurfer Version 4.4) [ADNI1,GO,2]",UCSFFSL,Volume,ST26CV,mm3,<class 'numpy.int64'>,,"12965.0, 3402.0",3570,0,pop not found,keep,predittore,volume,,
"UCSF - Longitudinal FreeSurfer (FreeSurfer Version 4.4) [ADNI1,GO,2]",UCSFFSL,Volume,ST29SV,mm3,<class 'numpy.int64'>,,"5330.0, 1345.0",3570,0,pop not found,keep,predittore,volume,,
"UCSF - Longitudinal FreeSurfer (FreeSurfer Version 4.4) [ADNI1,GO,2]",UCSFFSL,Volume,ST40CV,mm3,<class 'numpy.int64'>,,"14083.0, 3444.0",3570,0,pop not found,keep,predittore,volume,,
"UCSF - Longitudinal FreeSurfer (FreeSurfer Version 4.4) [ADNI1,GO,2]",UCSFFSL,Volume,ST96SV,mm3,<class 'numpy.int64'>,,"72583.0, 2216.0",3570,0,pop not found,keep,predittore,volume,,
"UCSF - Longitudinal FreeSurfer (FreeSurfer Version 4.4) [ADNI1,GO,2]",UCSFFSL,Volume,ST83CV,mm3,<class 'numpy.int64'>,,"3382.0, 238.0",3570,0,pop not found,keep,predittore,volume,,
"UCSF - Longitudinal FreeSurfer (FreeSurfer Version 4.4) [ADNI1,GO,2]",UCSFFSL,Volume,ST85CV,mm3,<class 'numpy.int64'>,,"13506.0, 3281.0",3570,0,pop not found,keep,predittore,volume,,
"UCSF - Longitudinal FreeSurfer (FreeSurfer Version 4.4) [ADNI1,GO,2]",UCSFFSL,Volume,ST88SV,mm3,<class 'numpy.int64'>,,"5338.0, 636.0",3570,0,pop not found,keep,predittore,volume,,
"UCSF - Longitudinal FreeSurfer (FreeSurfer Version 4.4) [ADNI1,GO,2]",UCSFFSL,Volume,ST99CV,mm3,<class 'numpy.int64'>,,"15374.0, 4496.0",3570,0,pop not found,keep,predittore,volume,,
UCSD - Derived Volumes [ADNI1],UCSDVOL,ID,RID,,<class 'numpy.int64'>,,"1435.0, 2.0",3128,0,pop not found,keep,,,,
UCSD - Derived Volumes [ADNI1],UCSDVOL,Visit,VISCODE,,<class 'str'>,"sc, m06, m12, m24, m18, m36",,3128,0,pop not found,keep,,,,
UCSD - Derived Volumes [ADNI1],UCSDVOL,Visit,EXAMDATE,,<class 'str'>,"2005-08-26, 2005-09-01, 2006-03-13, 2006-09-12, 2007-09-12",,3128,0,pop not found,keep,,,,
UCSD - Derived Volumes [ADNI1],UCSDVOL,Other,QCPASS,,<class 'numpy.int64'>,"1, 0","1.0, 0.0",3128,0,pop not found,keep,,,,
UCSD - Derived Volumes [ADNI1],UCSDVOL,Volume,BRAIN,mm3,<class 'numpy.int64'>,,"1361820.0, 629016.0",3128,0,pop not found,keep,predittore,volume,,
UCSD - Derived Volumes [ADNI1],UCSDVOL,Volume,EICV,mm3,<class 'numpy.int64'>,,"1951440.0, 1059560.0",3128,0,pop not found,keep,predittore,volume,,
UCSD - Derived Volumes [ADNI1],UCSDVOL,Volume,VENTRICLES,mm3,<class 'numpy.float64'>,,"168830.0, 7552.46",3128,0,pop not found,keep,predittore,volume,,
UCSD - Derived Volumes [ADNI1],UCSDVOL,Volume,LHIPPOC,mm3,<class 'numpy.float64'>,,"5514.94, 1287.93",3128,0,pop not found,keep,predittore,volume,,
UCSD - Derived Volumes [ADNI1],UCSDVOL,Volume,RHIPPOC,mm3,<class 'numpy.float64'>,,"5750.4, 569.549",3128,0,pop not found,keep,predittore,volume,,
"UPENN - ADNI/DIAN Study CSF Elecsys Results [ADNI1,GO,2]",UPENNBIOMK_ADNIDIAN_ES_2017,ID,RID,,<class 'numpy.int64'>,,"5285.0, 42.0",422,0,"ADNI1, ADNIGO, ADNI2, ADNI3, ADNI4",keep,,,,
"UPENN - ADNI/DIAN Study CSF Elecsys Results [ADNI1,GO,2]",UPENNBIOMK_ADNIDIAN_ES_2017,Visit,VISCODE2,,<class 'str'>,"m60, m84, m108, m24, m36",,422,0,"ADNI1, ADNIGO, ADNI2, ADNI3, ADNI4",keep,,,,
"UPENN - ADNI/DIAN Study CSF Elecsys Results [ADNI1,GO,2]",UPENNBIOMK_ADNIDIAN_ES_2017,Visit,EXAMDATE,,<class 'str'>,"2011-04-14, 2013-01-24, 2015-02-12, 2011-02-08, 2013-02-07",,422,0,"ADNI1, ADNIGO, ADNI2, ADNI3, ADNI4",keep,,,,
"UPENN - ADNI/DIAN Study CSF Elecsys Results [ADNI1,GO,2]",UPENNBIOMK_ADNIDIAN_ES_2017,Cohort,STUDY,,<class 'str'>,ADNI,,422,0,"ADNI1, ADNIGO, ADNI2, ADNI3, ADNI4",keep,,,,
"UPENN - ADNI/DIAN Study CSF Elecsys Results [ADNI1,GO,2]",UPENNBIOMK_ADNIDIAN_ES_2017,Visit,RUNDATE,,<class 'str'>,"2017-10-30, 2017-10-20, 2017-11-09, 2017-10-27, 2017-10-23",,422,0,"ADNI1, ADNIGO, ADNI2, ADNI3, ADNI4",keep,,,,
"UPENN - ADNI/DIAN Study CSF Elecsys Results [ADNI1,GO,2]",UPENNBIOMK_ADNIDIAN_ES_2017,Abeta,ABETA,pg/ml,<class 'numpy.int64'>,,"2982.0, 238.0",422,0,"ADNI1, ADNIGO, ADNI2, ADNI3, ADNI4",keep,predittore,intervallo,,
"UPENN - ADNI/DIAN Study CSF Elecsys Results [ADNI1,GO,2]",UPENNBIOMK_ADNIDIAN_ES_2017,Abeta,AB40,pg/ml,<class 'numpy.int64'>,,"37590.0, 5550.0",422,0,"ADNI1, ADNIGO, ADNI2, ADNI3, ADNI4",keep,predittore,intervallo,,
"UPENN - ADNI/DIAN Study CSF Elecsys Results [ADNI1,GO,2]",UPENNBIOMK_ADNIDIAN_ES_2017,Tau,TAU,pg/ml,<class 'numpy.int64'>,,"946.0, 110.0",422,0,"ADNI1, ADNIGO, ADNI2, ADNI3, ADNI4",keep,predittore,intervallo,,
"UPENN - ADNI/DIAN Study CSF Elecsys Results [ADNI1,GO,2]",UPENNBIOMK_ADNIDIAN_ES_2017,Tau,PTAU,pg/ml,<class 'numpy.float64'>,,"118.0, 8.0",421,1,"ADNI1, ADNIGO, ADNI2, ADNI3, ADNI4",keep,predittore,intervallo,,
"UPENN - ADNI/DIAN Study CSF Elecsys Results [ADNI1,GO,2]",UPENNBIOMK_ADNIDIAN_ES_2017,Abeta,A4240,pg/ml,<class 'numpy.float64'>,,"0.1036, 0.0199",422,0,"ADNI1, ADNIGO, ADNI2, ADNI3, ADNI4",keep,predittore,intervallo,,
"UPENN CSF Biomarkers Roche Elecsys [ADNI1,GO,2,3]",UPENNBIOMK_ROCHE_ELECSYS,ID,RID,,<class 'numpy.int64'>,,"7073.0, 3.0",3174,0,ADNI4,keep,,,,
"UPENN CSF Biomarkers Roche Elecsys [ADNI1,GO,2,3]",UPENNBIOMK_ROCHE_ELECSYS,Visit,VISCODE2,,<class 'str'>,"bl, m12, m24, m48, m60",,3174,0,ADNI4,keep,,,,
"UPENN CSF Biomarkers Roche Elecsys [ADNI1,GO,2,3]",UPENNBIOMK_ROCHE_ELECSYS,Visit,EXAMDATE,,<class 'str'>,"2005-09-12, 2006-09-13, 2005-11-22, 2006-11-28, 2005-09-07",,3174,0,ADNI4,keep,,,,
"UPENN CSF Biomarkers Roche Elecsys [ADNI1,GO,2,3]",UPENNBIOMK_ROCHE_ELECSYS,Cohort,PHASE,,<class 'str'>,"ADNI1, ADNIGO, ADNI2, ADNI3",,3174,0,ADNI4,keep,,,,
"UPENN CSF Biomarkers Roche Elecsys [ADNI1,GO,2,3]",UPENNBIOMK_ROCHE_ELECSYS,Visit,RUNDATE,,<class 'str'>,"2016-12-14, 2017-01-09, 2016-11-22, 2017-01-06, 2016-11-17",,3174,0,ADNI4,keep,,,,
"UPENN CSF Biomarkers Roche Elecsys [ADNI1,GO,2,3]",UPENNBIOMK_ROCHE_ELECSYS,Abeta,ABETA40,pg/ml,<class 'numpy.float64'>,,"37480.0, 841.0",934,2240,ADNI4,drop,predittore,intervallo,,
"UPENN CSF Biomarkers Roche Elecsys [ADNI1,GO,2,3]",UPENNBIOMK_ROCHE_ELECSYS,Abeta,ABETA42,pg/ml,<class 'numpy.float64'>,,"4779.0, 203.0",3167,7,ADNI4,keep,predittore,intervallo,,
"UPENN CSF Biomarkers Roche Elecsys [ADNI1,GO,2,3]",UPENNBIOMK_ROCHE_ELECSYS,Tau,TAU,pg/ml,<class 'numpy.float64'>,,"1018.0, 80.08",3159,15,ADNI4,keep,predittore,intervallo,,
"UPENN CSF Biomarkers Roche Elecsys [ADNI1,GO,2,3]",UPENNBIOMK_ROCHE_ELECSYS,Tau,PTAU,pg/ml,<class 'numpy.float64'>,,"108.5, 8.0",3147,27,ADNI4,keep,predittore,intervallo,,
"EUROIMMUN CSF Beta-Amyloid [ADNIGO,2]",EUROIMMUN,ID,RID,,<class 'numpy.int64'>,None,"999999.0, 51.0",280,0,pop not found,keep,,,,
"EUROIMMUN CSF Beta-Amyloid [ADNIGO,2]",EUROIMMUN,Visit,VISCODE2,,<class 'str'>,"m72, m60, m48, m36, m24, bl, m06, nan",None,240,40,pop not found,keep,,,,
"EUROIMMUN CSF Beta-Amyloid [ADNIGO,2]",EUROIMMUN,Visit,EXAMDATE,,<class 'str'>,"2011-08-11, 2010-12-15, 2011-04-05, 2011-04-14, 2012-06-06",None,240,40,pop not found,keep,,,,
"EUROIMMUN CSF Beta-Amyloid [ADNIGO,2]",EUROIMMUN,Abeta,BETA_AMYLOID_1_40,,<class 'numpy.float64'>,None,"18996.2, 4695.53",278,2,pop not found,keep,predittore,intervallo,,
"EUROIMMUN CSF Beta-Amyloid [ADNIGO,2]",EUROIMMUN,Abeta,BETA_AMYLOID_1_42,,<class 'numpy.float64'>,None,"1987.9, 264.01",278,2,pop not found,keep,predittore,intervallo,,
"EUROIMMUN CSF Beta-Amyloid [ADNIGO,2]",EUROIMMUN,Abeta,BETA_AMYLOID_42_40,,<class 'numpy.float64'>,None,"0.164291, 0.0297259",278,2,pop not found,keep,predittore,intervallo,,
"Fujirebio Beta-Amyloid Ratio [ADNIGO,2] ",FUJIREBIOABETA,ID,RID,,<class 'numpy.int64'>,None,"999999.0, 42.0",442,0,pop not found,keep,,,,"RID', 'VISCODE', 'VISCODE2', 'EXAMDATE', 'GUSPECID', 'VID', 'DRAWDTE', 'DER', 'SITE', 'VOL', 'RECDTE', 'STORDTE', 'RUN', 'RUNDATE', 'ABETA42', 'ABETA40', 'ABETA42_40'"
"Fujirebio Beta-Amyloid Ratio [ADNIGO,2] ",FUJIREBIOABETA,Visit,VISCODE2,,<class 'str'>,"m60, m72, m48, nv, m36, bl, m24, nan",None,441,1,pop not found,keep,,,,
"Fujirebio Beta-Amyloid Ratio [ADNIGO,2] ",FUJIREBIOABETA,Visit,EXAMDATE,,<class 'str'>,"2011-04-14, 2011-08-11, 2010-09-28, 2011-02-16, 2011-03-17",None,421,21,pop not found,keep,,,,
"Fujirebio Beta-Amyloid Ratio [ADNIGO,2] ",FUJIREBIOABETA,Abeta,ABETA42,,<class 'numpy.int64'>,None,"2267.0, 42.0",442,0,pop not found,keep,predittore,intervallo,,
"Fujirebio Beta-Amyloid Ratio [ADNIGO,2] ",FUJIREBIOABETA,Abeta,ABETA40,,<class 'numpy.float64'>,None,"27373.0, 874.0",440,2,pop not found,keep,predittore,intervallo,,
"Fujirebio Beta-Amyloid Ratio [ADNIGO,2] ",FUJIREBIOABETA,Abeta,ABETA42_40,,<class 'numpy.float64'>,None,"0.827, 0.022",440,2,pop not found,keep,predittore,intervallo,,
